Igra,Zalozba
Gloomhaven,Cephalofair Games
Pandemic Legacy: Season 1,"Z-Man Games, Inc."
Through the Ages: A New Story of Civilization,Czech Games Edition
Terraforming Mars,FryxGames
Twilight Struggle,GMT Games
Star Wars: Rebellion,Fantasy Flight Games
Gaia Project,Feuerland Spiele
Scythe,Stonemaier Games
Twilight Imperium (Fourth Edition),Fantasy Flight Games
Great Western Trail,eggertspiele
Terra Mystica,Feuerland Spiele
War of the Ring (Second Edition),Ares Games
The Castles of Burgundy,alea
Brass: Birmingham,Roxley
Spirit Island,Greater Than Games (Fabled Nexus)
7 Wonders Duel,Repos Production
The 7th Continent,Serious Poulp
Concordia,PD-Verlag
Viticulture Essential Edition,Stonemaier Games
Puerto Rico,alea
Arkham Horror: The Card Game,Fantasy Flight Games
Brass: Lancashire,Roxley
Caverna: The Cave Farmers,Lookout Games
Mage Knight Board Game,WizKids
Agricola,Lookout Games
Orléans,dlp games
Mansions of Madness: Second Edition,Fantasy Flight Games
A Feast for Odin,Feuerland Spiele
Food Chain Magnate,Splotter Spellen
Blood Rage,CMON Limited
Pandemic Legacy: Season 2,"Z-Man Games, Inc."
Mechs vs. Minions,Riot Games
Kingdom Death: Monster,Kingdom Death
Through the Ages: A Story of Civilization,Czech Board Games
Power Grid,2F-Spiele
Star Wars: Imperial Assault,Fantasy Flight Games
Tzolk'in: The Mayan Calendar,Czech Games Edition
Azul,Next Move Games
Eclipse,Lautapelit.fi
Le Havre,Lookout Games
Robinson Crusoe: Adventures on the Cursed Island,Portal Games
The Voyages of Marco Polo,Hans im Glück
Clans of Caledonia,Karma Games
Android: Netrunner,Fantasy Flight Games
7 Wonders,Repos Production
Keyflower,R&D Games
Anachrony,Albi
Race for the Galaxy,Rio Grande Games
Wingspan,Stonemaier Games
Caylus,Ystari Games
Dominant Species,GMT Games
Root,Leder Games
Fields of Arle,Feuerland Spiele
Lords of Waterdeep,Wizards of the Coast
Rising Sun,CMON Limited
Twilight Imperium (Third Edition),Fantasy Flight Games
Five Tribes,Days of Wonder
Eldritch Horror,Fantasy Flight Games
El Grande,Hans im Glück
Codenames,Czech Games Edition
Clank!: A Deck-Building Adventure,Renegade Game Studios
Dominion: Intrigue,Rio Grande Games
The Gallerist,Eagle-Gryphon Games
Patchwork,Lookout Games
Mombasa,eggertspiele
Battlestar Galactica: The Board Game,Fantasy Flight Games
Roll for the Galaxy,Rio Grande Games
Sherlock Holmes Consulting Detective: The Thames Murders & Other Cases,Sleuth Publications
Troyes,Pearl Games
T.I.M.E Stories,Space Cowboys
Russian Railroads,Hans im Glück
Tigris & Euphrates,Hans im Glück
Trajan,Ammonit Spiele
Star Wars: X-Wing Miniatures Game,Fantasy Flight Games
Pandemic,"Z-Man Games, Inc."
Dominion,Rio Grande Games
Dead of Winter: A Crossroads Game,Plaid Hat Games
Lisboa,Eagle-Gryphon Games
Crokinole,(Public Domain)
Kemet,Matagot
Pandemic: Iberia,Asterion Press
Agricola (Revised Edition),Lookout Games
Descent: Journeys in the Dark (Second Edition),Fantasy Flight Games
Forbidden Stars,Fantasy Flight Games
Raiders of the North Sea,Garphill Games
Stone Age,Hans im Glück
Alchemists,Czech Games Edition
Yokohama,OKAZU Brand
Aeon's End,Action Phase Games
Star Realms,White Wizard Games
War of the Ring (First Edition),Ares Games
Legendary Encounters: An Alien Deck Building Game,Upper Deck Entertainment
Champions of Midgard,Grey Fox Games
Castles of Mad King Ludwig,Bézier Games
Istanbul,Pegasus Spiele
A Game of Thrones: The Board Game (Second Edition),Fantasy Flight Games
Architects of the West Kingdom,Garphill Games
The Resistance: Avalon,Indie Boards & Cards
Santorini,Roxley
Teotihuacan: City of Gods,NSKN Games
Grand Austria Hotel,Lookout Games
Ticket to Ride: Europe,Days of Wonder
Chaos in the Old World,Fantasy Flight Games
Railways of the World,Eagle-Gryphon Games
Ora et Labora,Lookout Games
Suburbia,Bézier Games
Commands & Colors: Ancients,GMT Games
Inis,Matagot
Arcadia Quest,CMON Limited
Nations,Lautapelit.fi
The Lord of the Rings: The Card Game,Fantasy Flight Games
Captain Sonar,Matagot
Lorenzo il Magnifico,Albi
Codenames: Duet,Czech Games Edition
Dinosaur Island,Pandasaurus Games
Jaipur,GameWorks SàRL
Paths of Glory,GMT Games
Cosmic Encounter,Fantasy Flight Games
Combat Commander: Europe,GMT Games
Near and Far,Red Raven Games
Hansa Teutonica,Argentum Verlag
Memoir '44,Days of Wonder
Clank! In! Space!,Dire Wolf Digital
Village,eggertspiele
Sagrada,Floodgate Games
Too Many Bones,Chip Theory Games
Goa,Hans im Glück
Chronicles of Crime,Lucky Duck Games
Age of Steam,Warfrog Games
Ticket to Ride: Nordic Countries,Days of Wonder
Splendor,Space Cowboys
La Granja,Spielworxx
Tichu,Fata Morgana Spiele
Steam,Mayfair Games
Zombicide: Black Plague,CMON Limited
Go,(Public Domain)
The Princes of Florence,alea
Legendary: A Marvel Deck Building Game,Upper Deck Entertainment
Vinhos Deluxe Edition,Eagle-Gryphon Games
Viticulture,Stonemaier Games
Ticket to Ride,Days of Wonder
Targi,KOSMOS
Sekigahara: The Unification of Japan,GMT Games
This War of Mine: The Board Game,Awaken Realms
Xia: Legends of a Drift System,Far Off Games
Endeavor: Age of Sail,Burnt Island Games
Ra,alea
Shogun,Queen Games
Magic: The Gathering,Wizards of the Coast
Galaxy Trucker,Czech Games Edition
Cyclades,Matagot
Carcassonne,Hans im Glück
Trickerion: Legends of Illusion,Mindclash Games
Star Realms: Colony Wars,White Wizard Games
Imperial Settlers,Portal Games
YINSH,Don & Co.
Charterstone,Stonemaier Games
Decrypto,Le Scorpion Masqué
Sushi Go Party!,Gamewright
Lewis & Clark,Ludonaute
Imperial,PD-Verlag
Glory to Rome,Cambridge Games Factory
Power Grid Deluxe: Europe/North America,2F-Spiele
Dungeon Petz,Czech Games Edition
Deception: Murder in Hong Kong,Jolly Thinkers
Age of Empires III: The Age of Discovery,Tropical Games
Isle of Skye: From Chieftain to King,Lookout Games
1960: The Making of the President,GMT Games
Bora Bora,alea
1830: Railways & Robber Barons,The Avalon Hill Game Co
Hero Realms,White Wizard Games
Hannibal: Rome vs. Carthage,"Valley Games, Inc."
Summoner Wars: Master Set,Plaid Hat Games
BattleLore (Second Edition),Fantasy Flight Games
Runewars,Fantasy Flight Games
Seasons,Libellud
Space Alert,Czech Games Edition
Secret Hitler,Goat Wolf & Cabbage
Kanban: Driver's Edition,Stronghold Games
Exit: The Game – The Abandoned Cabin,KOSMOS
Everdell,Starling Games (II)
Dead of Winter: The Long Night,Plaid Hat Games
Dixit: Odyssey,Libellud
Alien Frontiers,Clever Mojo Games
Welcome To...,Blue Cocker Games
Mage Wars Arena,Arcane Wonders
Navegador,PD-Verlag
Samurai,Fantasy Flight Games
Imperial 2030,PD-Verlag
Fury of Dracula (third/fourth edition),Fantasy Flight Games
Mysterium,Libellud
Above and Below,Red Raven Games
Rajas of the Ganges,HUCH!
Indonesia,Splotter Spellen
That's Pretty Clever,Schmidt Spiele
Antiquity,Splotter Spellen
Battle Line,GMT Games
Kingdomino,Blue Orange (EU)
Burgle Bros.,Fowers Games
Here I Stand,GMT Games
Sid Meier's Civilization: The Board Game,Fantasy Flight Games
Coimbra,eggertspiele
Rococo,eggertspiele
Detective: A Modern Crime Board Game,Portal Games
Onitama,conception
Dungeon Lords,Czech Games Edition
The Resistance,Indie Boards & Cards
The Manhattan Project: Energy Empire,Minion Games
Small World,Days of Wonder
Star Wars: Armada,Fantasy Flight Games
Letters from Whitechapel,Nexus Editrice
Agricola: All Creatures Big and Small,Lookout Games
Flamme Rouge,Lautapelit.fi
Hive,Gen42 Games
Modern Art,Hans im Glück
Mission: Red Planet (Second Edition),Fantasy Flight Games
Merchants & Marauders,"Z-Man Games, Inc."
Bruges,Hans im Glück
Ghost Stories,Repos Production
Roll Player,Thunderworks Games
Dixit,Libellud
Acquire,3M
Die Macher,Hans im Glück
Tikal,Ravensburger Spieleverlag GmbH
Glass Road,Feuerland Spiele
Century: Spice Road,Plan B Games
Evolution: Climate,North Star Games
Ethnos,Asterion Press
Tyrants of the Underdark,"Gale Force Nine, LLC"
Neuroshima Hex! 3.0,Portal Games
Telestrations,Användbart Litet Företag
KeyForge: Call of the Archons,Fantasy Flight Games
Hanamikoji,EmperorS4
Pulsar 2849,Czech Games Edition
Endeavor,"Z-Man Games, Inc."
Claustrophobia,Asmodee
Cthulhu Wars,Petersen Games
Takenoko,Bombyx
Blood Bowl: Living Rulebook,(Web published)
Notre Dame,alea
Tiny Epic Galaxies,Gamelyn Games
Clash of Cultures,Filosofia Éditions
Love Letter,Alderac Entertainment Group
In the Year of the Dragon,alea
Advanced Squad Leader,The Avalon Hill Game Co
Dune,The Avalon Hill Game Co
The Quacks of Quedlinburg,Schmidt Spiele
The Manhattan Project,Minion Games
San Juan,alea
Mice and Mystics,Plaid Hat Games
Civilization,Hartland Trefoil Ltd.
Codenames: Pictures,Czech Games Edition
Survive: Escape from Atlantis!,Parker Brothers
Lords of Hellas,Awaken Realms
The Pillars of the Earth,KOSMOS
BattleCON: Devastation of Indines,Level 99 Games
Space Hulk (third edition),Games Workshop Ltd.
Saint Petersburg,Hans im Glück
The Quest for El Dorado,Ravensburger Spieleverlag GmbH
Nemesis,Awaken Realms
King of Tokyo,IELLO
At the Gates of Loyang,Hall Games
Ticket to Ride: Märklin,Days of Wonder
Nippon,What's Your Game?
Aeon's End: War Eternal,Action Phase Games
Blood Bowl: Team Manager – The Card Game,Fantasy Flight Games
Century: Golem Edition,Plan B Games
Bruxelles 1893,Pearl Games
Macao,alea
Arboretum,Filosofia Éditions
Arkham Horror,Fantasy Flight Games
Risk Legacy,Hasbro
Maria,Histogame
Fresco,Queen Games
For Sale,Albi
Harry Potter: Hogwarts Battle,Asmodee
A Few Acres of Snow,Treefrog Games
Lancaster,Queen Games
51st State: Master Set,Portal Games
Sherlock Holmes Consulting Detective: Jack the Ripper & West End Adventures,Asmodee
San Juan (Second Edition),alea
Glen More,alea
Flash Point: Fire Rescue,Indie Boards & Cards
Quadropolis,Days of Wonder
Millennium Blades,Level 99 Games
BattleLore,Days of Wonder
Sheriff of Nottingham,Arcane Wonders
1775: Rebellion,"Academy Games, Inc."
Lord of the Rings: The Confrontation,Edge Entertainment
Altiplano,dlp games
Heaven & Ale,eggertspiele
Underwater Cities,Delicious Games
Heroscape Master Set: Rise of the Valkyrie,Hasbro
Shadows of Brimstone: City of the Ancients,Flying Frog Productions
Firefly: The Game,"Gale Force Nine, LLC"
Kingsburg,Stratelibri
Blood Bowl (Third Edition),Games Workshop Ltd.
Pandemic: The Cure,"Z-Man Games, Inc."
Amun-Re,Hans im Glück
Mansions of Madness,Fantasy Flight Games
Star Wars: X-Wing Miniatures Game – The Force Awakens Core Set,Delta Vision Publishing
Amerigo,Queen Games
Forbidden Desert,Gamewright
Innovation,Asmadi Games
Bärenpark,Lookout Games
Descent: Journeys in the Dark,Fantasy Flight Games
London (first edition),Treefrog Games
Spartacus: A Game of Blood & Treachery,"Gale Force Nine, LLC"
Lost Cities,KOSMOS
The Godfather: Corleone's Empire,CMON Limited
Stockpile,GaGa Games
Dice Forge,Libellud
Sentinels of the Multiverse,Greater Than Games (Sentinel Comics)
The Great Zimbabwe,Splotter Spellen
Hanabi,ABACUSSPIELE
Archipelago,Ludically
Mythic Battles: Pantheon,Monolith
The Grizzled,Sweet Games
Egizia,Hans im Glück
Raptor,Matagot
Roads & Boats,Splotter Spellen
Biblios,Dr. Finn's Games
"Labyrinth: The War on Terror, 2001 – ?",GMT Games
Time's Up! Title Recall!,R&R Games
Pandemic: Reign of Cthulhu,"Z-Man Games, Inc."
Madeira,What's Your Game?
Catan,KOSMOS
One Night Ultimate Werewolf,Bézier Games
Small World Underground,Days of Wonder
Commands & Colors: Napoleonics,GMT Games
Deus,Pearl Games
Pathfinder Adventure Card Game: Rise of the Runelords – Base Set,Paizo Publishing
Legends of Andor,KOSMOS
Star Wars: Destiny,Fantasy Flight Games
Colt Express,Ludonaute
Earth Reborn,Ludically
Photosynthesis,Blue Orange (EU)
Friday,2F-Spiele
Airlines Europe,ABACUSSPIELE
Santa Maria,Aporta Games
First Class: All Aboard the Orient Express!,Hans im Glück
PitchCar,Ferti
Libertalia,Marabunta
Freedom: The Underground Railroad,"Academy Games, Inc."
Vinhos,What's Your Game?
Euphoria: Build a Better Dystopia,Stonemaier Games
Abyss,Bombyx
Vikings,Hans im Glück
Shadows over Camelot,Days of Wonder
Ginkgopolis,Pearl Games
Elysium,Space Cowboys
Hammer of the Scots,Columbia Games
Taj Mahal,alea
Citadels,Hans im Glück
TZAAR,Don & Co.
Gùgōng,Game Brewer
A Game of Thrones: The Card Game (Second Edition),Fantasy Flight Games
Paperback,Fowers Games
Conan,Monolith
Western Legends,Kolossal Games
Tales of the Arabian Nights,"Z-Man Games, Inc."
Ingenious,KOSMOS
A Game of Thrones (First Edition),Fantasy Flight Games
The Lord of the Rings: Journeys in Middle-earth,Fantasy Flight Games
The Colonists,Lookout Games
Imhotep,KOSMOS
Magic Maze,Sit Down!
Evolution,North Star Games
Azul: Stained Glass of Sintra,Next Move Games
Automobile,Mayfair Games
Last Will,Czech Games Edition
RoboRally,Wizards of the Coast
Lords of Vegas,Mayfair Games
StarCraft: The Board Game,Fantasy Flight Games
Thurn and Taxis,Hans im Glück
Schotten Totten,ASS Altenburger Spielkarten
Chinatown,alea
Mystic Vale,Alderac Entertainment Group
Nexus Ops,"Avalon Hill Games, Inc."
Francis Drake,Kayal Games
Carson City,Quined White Goblin Games
Sword & Sorcery,Ares Games
Colosseum,Days of Wonder
Thunderstone Advance: Towers of Ruin,Alderac Entertainment Group
Sushi Go!,Adventureland Games
The Republic of Rome,The Avalon Hill Game Co
KLASK,Competo / Marektoy
DVONN,Corfix
Struggle of Empires,Warfrog Games
Zombicide,CMON Limited
Chicago Express,Queen Games
Gears of War: The Board Game,Fantasy Flight Games
AquaSphere,Hall Games
Nemo's War (second edition),Victory Point Games
Snowdonia,Surprised Stare Games Ltd
Runebound (Third Edition),Fantasy Flight Games
Skull,Asmodee
Bohnanza,AMIGO
Junk Art,Hobby Japan
Baseball Highlights: 2045,Eagle-Gryphon Games
Monikers,Palm Court
Quantum,Funforge
Shadows of Brimstone: Swamps of Death,Flying Frog Productions
Queendomino,Blackrock Games
Potion Explosion,Horrible Games
Triumph & Tragedy,GMT Games
Wallenstein (first edition),Queen Games
Fire in the Lake,GMT Games
Karuba,Conclave Editora
The Fox in the Forest,Foxtrot Games
Trains,OKAZU Brand
No Thanks!,AMIGO
Belfort,Tasty Minstrel Games
Argent: The Consortium,Level 99 Games
Mare Nostrum: Empires,ASYNCRON games
Camel Up,eggertspiele
Warhammer Quest: The Adventure Card Game,Fantasy Flight Games
Pax Porfiriana,Sierra Madre Games
Summoner Wars,Plaid Hat Games
One Night Ultimate Werewolf Daybreak,Bézier Games
Bunny Kingdom,IELLO
Discworld: Ankh-Morpork,Treefrog Games
The Battle of Five Armies,Ares Games
Port Royal,Pegasus Spiele
Smash Up: Awesome Level 9000,Alderac Entertainment Group
Downforce,Restoration Games
Dixit: Journey,Libellud
Thebes,Queen Games
Tobago,Zoch Verlag
Broom Service,alea
Chess,(Public Domain)
Alhambra,Queen Games
Carcassonne: Hunters and Gatherers,Hans im Glück
Gizmos,CMON Limited
Defenders of the Realm,Eagle-Gryphon Games
Up Front,The Avalon Hill Game Co
Coup,Indie Boards & Cards
ZhanGuo,What's Your Game?
1846: The Race for the Midwest,"Deep Thought Games, LLC"
Time's Up!,Asmodee
Luna,Hall Games
Jamaica,GameWorks SàRL
Taluva,Hans im Glück
Torres,F.X. Schmid
Cuba,eggertspiele
Space Empires: 4X,Banana Games
Through the Desert,KOSMOS
Shakespeare,Ystari Games
Fury of Dracula (Second Edition),Fantasy Flight Games
Lord of the Rings: The Confrontation,999 Games
Specter Ops,Plaid Hat Games
Cry Havoc,Portal Games
Ashes: Rise of the Phoenixborn,Plaid Hat Games
The Duke,Catalyst Game Labs
Myrmes,Ystari Games
Mr. Jack,Hurrican
Napoleon's Triumph,Histogame
Advanced Squad Leader: Starter Kit #1,"Avalon Hill Games, Inc."
Betrayal at House on the Hill,"Avalon Hill Games, Inc."
Escape: The Curse of the Temple,Queen Games
Formula D,Asmodee
Vegas Showdown,"Avalon Hill Games, Inc."
Conflict of Heroes: Awakening the Bear! – Russia 1941-42,"Academy Games, Inc."
Cryptid,Do it games
Dominion (Second Edition),999 Games
Star Trek: Fleet Captains,WizKids
London (Second Edition),Osprey Games
Thunderstone Quest,Alderac Entertainment Group
Blood Bowl (2016 edition),Games Workshop Ltd.
Steampunk Rally,Roxley
Eminent Domain,Tasty Minstrel Games
1989: Dawn of Freedom,GMT Games
Summoner Wars: Alliances Master Set,Cube Factory of Ideas
Tokaido,Funforge
Medici,AMIGO
Exit: The Game – The Pharaoh's Tomb,KOSMOS
Love Letter: Batman,Alderac Entertainment Group
Cuba Libre,Banana Games
Shipyard,Czech Games Edition
Las Vegas,alea
The Downfall of Pompeii,AMIGO
Space Hulk,Games Workshop Ltd.
Washington's War,GMT Games
Zombicide Season 2: Prison Outbreak,Asmodee
Arcadia Quest: Inferno,CMON Limited
Middle-Earth Quest,Fantasy Flight Games
Tajemnicze Domostwo,Portal Games
Among the Stars,Artipia Games
Spyfall,Hobby World
Yspahan,Ystari Games
Kingdom Builder,Queen Games
K2,Rebel
Love Letter Premium,Alderac Entertainment Group
Elder Sign,Fantasy Flight Games
Stuffed Fables,Plaid Hat Games
Newton,Cranio Creations
Tash-Kalar: Arena of Legends,Czech Games Edition
World Without End,999 Games
Empires: Age of Discovery,Eagle-Gryphon Games
Citadels,(Unknown)
Gloomhaven: Forgotten Circles,Cephalofair Games
Gloomhaven: Solo Scenarios,Cephalofair Games
Gloomhaven: The End of the World (Promo Scenario),(Web published)
Through the Ages: New Leaders and Wonders,Czech Games Edition
Terraforming Mars: Gathering of Friends Promo Card,Stronghold Games
Terraforming Mars: Turmoil,FryxGames
Terraforming Mars: Atmo Collectors Promo Card,FryxGames
Terraforming Mars: BGG User-Created Corporation Pack,FryxGames
Terraforming Mars: Colonies,FryxGames
Terraforming Mars: Jovian Lanterns Promo Card,FryxGames
Terraforming Mars: Lunar Exports Promo Card,FryxGames
Terraforming Mars: Prelude,FryxGames
Terraforming Mars: Hellas & Elysium,FryxGames
Terraforming Mars: Penguins Promo Card,(Unknown)
Twilight Struggle: Turn Zero and Promo Packs,GMT Games
Twilight Struggle: Regime of the Colonels Promo Card,(Unknown)
Twilight Struggle: Promo Deck,GMT Games
Twilight Struggle: Turn Zero,GMT Games
"Twilight Struggle: ""Pakt Bagdadzki"" and ""Stan Wojenny"" Promo Cards",Asterion Press
"Twilight Struggle: ""Referendum NATO"" Promo Card",Asterion Press
"Twilight Struggle: ""Anni di Piombo"" Promo Card",Asterion Press
"Twilight Struggle: ""Gladio"" Promo Card",Asterion Press
"Twilight Struggle: ""Финляндизация"" Promo Card",GaGa Games
Star Wars: Rebellion – Rise of the Empire,Asmodee
Scythe: Modular Board,Stonemaier Games
Scythe: Bonus Promo Pack – 6 Promo Encounter Cards numbers 37-42,Stonemaier Games
Scythe: Encounters,Stonemaier Games
Scythe: The Rise of Fenris,Stonemaier Games
Scythe: Promo Pack #11 – Encounter Card 39,Feuerland Spiele
Scythe: Promo Pack #12 – Encounter Card 40,Feuerland Spiele
Scythe: Promo Pack #13 – Encounter Card 41,Ghenos Games
Scythe: Promo Pack #14 – Encounter Card 42,Feuerland Spiele
Scythe: The Wind Gambit,Stonemaier Games
Scythe: Invaders from Afar,Stonemaier Games
Brettspiel Adventskalender 2018,Frosted Games
Great Western Trail: At the Poker Table,eggertspiele
Great Western Trail: Rails to the North,eggertspiele
Deutscher Spielepreis 2017 Goodie Box,Frosted Games
Great Western Trail: Promo Station Master Tiles,999 Games
Great Western Trail: The Eleventh Building Tile,eggertspiele
Terra Mystica: Merchants of the Seas,Feuerland Spiele
Terra Mystica: Erweiterungsbogen,Feuerland Spiele
Terra Mystica: Fire & Ice,Feuerland Spiele
Terra Mystica: 4 Town Tiles,Feuerland Spiele
Terra Mystica: Bonus Card Shipping Value,Feuerland Spiele
War of the Ring: Warriors of Middle-earth,Ares Games
War of the Ring: Warriors of Middle-earth – Tidings Not Burdens Mini-Expansion,Ares Games
War of the Ring: Lords of Middle-earth,Ares Games
War of the Ring: Lords of Middle-earth – Treebeard Mini-Expansion,Ares Games
War of the Ring: Scenario – The Breaking of the Fellowship,Ares Games
Brettspiel Adventskalender 2018,Frosted Games
The Castles of Burgundy: 10th Expansion – Solo,alea
Brettspiel Adventskalender 2017,Frosted Games
The Castles of Burgundy: 8th Expansion – Trade Routes,alea
The Castles of Burgundy: 9th Expansion – The Team Game,alea
The Castles of Burgundy: 7th Expansion – German Board Game Championship Board 2016,(Self-Published)
Brettspiel Adventskalender 2015,Frosted Games
The Castles of Burgundy: 6th Expansion – The Cloisters,alea
The Castles of Burgundy: 5th Expansion – Pleasure Garden,alea
Stadt Land Spielt Limitierter Sonderdruck Tag des Gesellschaftsspiels,ABACUSSPIELE
Spirit Island: Jagged Earth,Greater Than Games (Fabled Nexus)
Spirit Island: Promo Pack 2,Greater Than Games (Fabled Nexus)
Spirit Island: Unter der Insel schlummernde Schlange Promo,Greater Than Games (Fabled Nexus)
Spirit Island: Branch & Claw,Greater Than Games (Fabled Nexus)
Spirit Island: Champions of the Dahan Token Pack,Greater Than Games (Fabled Nexus)
Spirit Island: Expansion Playmat,Greater Than Games (Fabled Nexus)
Spirit Island: Promo Pack 1,Greater Than Games (Fabled Nexus)
Leaders (fan expansion to  7 Wonders Duel),(Web published)
7 Wonders Duel: Pantheon,Repos Production
7 Wonders Duel: Statue of Liberty,Repos Production
7 Wonders Duel: The Messe Essen Promo Card,Asterion Press
The 7th Continent: Comfort Creatures,Serious Poulp
The 7th Continent: The Flying Roots,Serious Poulp
"The 7th Continent: What Goes Up, Must Come Down",Serious Poulp
The 7th Continent: BGG Promo Cards,Serious Poulp
The 7th Continent: Facing the Elements,Serious Poulp
The 7th Continent: Fear the Devourers,Serious Poulp
The 7th Continent: Path of Repentance,Serious Poulp
The 7th Continent: Swamp of Madness,Serious Poulp
The 7th Continent: The Forbidden Sanctuary,(Self-Published)
The 7th Continent: The Icy Maze,(Self-Published)
Concordia: Venus (expansion),PD-Verlag
Concordia: Aegyptus / Creta,PD-Verlag
Concordia: 8 Forum Cards mini-expansion,PD-Verlag
Concordia: Gallia / Corsica,Cranio Creations
Concordia: Salsa,PD-Verlag
Concordia: Britannia / Germania,Cranio Creations
Viticulture: Visit from the Rhine Valley,Stonemaier Games
Tuscany Essential Edition,Feuerland Spiele
Viticulture: Moor Visitors Expansion,Feuerland Spiele
Viticulture: Arboriculture Expansion,Stonemaier Games
Viticulture: Kickstarter Promotional Cards,Stonemaier Games
Puerto Rico: Expansions 1&2 – The New Buildings & The Nobles,Rio Grande Games
Puerto Rico: Expansion II – The Nobles,alea
Treasure Chest,alea
Haiti (fan expansion for Puerto Rico),(Web published)
Puerto Rico: Expansion I – New Buildings,alea
Arkham Horror: The Card Game – Before the Black Throne: Mythos Pack,Edge Entertainment
Arkham Horror: The Card Game – For the Greater Good: Mythos Pack,Fantasy Flight Games
Arkham Horror: The Card Game – In The Clutches of Chaos: Mythos Pack,Asmodee
Arkham Horror: The Card Game – Return to the Path to Carcosa,Edge Entertainment
Arkham Horror: The Card Game – The Blob That Ate Everything: Scenario Pack,Fantasy Flight Games
Arkham Horror: The Card Game – The Circle Undone: Expansion,Fantasy Flight Games
Arkham Horror: The Card Game – The Secret Name: Mythos Pack,Asmodee
Arkham Horror: The Card Game – The Wages of Sin: Mythos Pack,Fantasy Flight Games
Arkham Horror: The Card Game – Union and Disillusion: Mythos Pack,Asmodee
Arkham Horror: The Card Game – Beta Cards from Arkham Night 2018,Fantasy Flight Games
Brass: 2-player board,(Web published)
Catalonia (fan expansion for Brass),(Web published)
Caverna: The Forgotten Folk,Lookout Games
Caverna: The Forgotten Folk – Adventurers Promo,Lookout Games
Caverna: The Forgotten Folk – Halflings promo,Lookout Games
Caverna: Water Expansion,999 Games
Caverna: Christmas Chamber,Lookout Games
Caverna: LARP and Cosplay Postcard,Lookout Games
Caverna: Mini Expansion,999 Games
Mage Knight Board Game: Dual Color Cards Expansion,WizKids
Mage Knight Board Game: Shades of Tezla Expansion,Asmodee
Mage Knight Board Game: Krang Character Expansion,WizKids
Mage Knight Board Game: The Lost Legion Expansion,WizKids
Agricola: Changelings,Lookout Games
Agricola: Glon­na­cker,Lookout Games
Agricola: France Deck,Filosofia Éditions
Agricola: Bielefeld Deck,Lookout Games
Agricola: Belgium Deck,Filosofia Éditions
Agricola: Brakelhühner Promo Card,Lookout Games
Agricola: De Lage Landen,999 Games
Agricola: Pi-Deck,Lookout Games
Agricola Ereigniskarten,Lookout Games
Agricola: NL-Deck,Lookout Games
Orléans: 5th Player Box,dlp games
Orléans: L'évêché de Tours,Matagot
Orléans: Promo Ortskarten N°2,dlp games
Orléans: Drawbridge,White Goblin Games
Orléans: Neue Ortskarten N°5,dlp games
Orléans: Opera,Cranio Creations
Orléans: Promo Ortskarten N°1,dlp games
Orléans: Neue Ortskarten N°4,dlp games
Orléans: Prairie,Tasty Minstrel Games
Orléans: Trade & Intrigue,Arrakis Games
Mansions of Madness: Second Edition – Horrific Journeys: Expansion,Fantasy Flight Games
Mansions of Madness: Second Edition – Sanctum of Twilight: Expansion,Asmodee
Mansions of Madness: Second Edition – Beyond the Threshold: Expansion,Asterion Press
Mansions of Madness: Second Edition – Streets of Arkham: Expansion,Asmodee
Mansions of Madness: Second Edition – Recurring Nightmares: Figure and Tile Collection,Asterion Press
Mansions of Madness: Second Edition – Suppressed Memories: Figure and Tile Collection,Asterion Press
A Feast for Odin: The Norwegians,Feuerland Spiele
Deutscher Spielepreis 2017 Goodie Box,Frosted Games
"A Feast for Odin: Lofoten, Orkney, and Tierra del Fuego",Cranio Creations
A Feast for Odin: New Special Tiles,Feuerland Spiele
Food Chain Magnate: The Ketchup Mechanism & Other Ideas,Splotter Spellen
Blood Rage: Hili – The Even-Handed,CMON Limited
Blood Rage: 5th Player Expansion,Asmodee
Blood Rage: Gods of Ásgard,CMON Limited
Blood Rage: Kickstarter Exclusives,CMON Limited
Blood Rage: Mystics of Midgard,CMON Limited
Kingdom Death: Monster – Abyssal Woods Expansion,Kingdom Death
Kingdom Death: Monster – Ancient Root,Kingdom Death
Kingdom Death: Monster – Anonymous Survivor Promo,Kingdom Death
Kingdom Death: Monster – Black Knight Expansion,Kingdom Death
Kingdom Death: Monster – Campaigns of Death Expansion,Kingdom Death
Kingdom Death: Monster – Corsair Coat,Kingdom Death
Kingdom Death: Monster – Death Armor Expansion,Kingdom Death
Kingdom Death: Monster – False Messengers Promo,Kingdom Death
Kingdom Death: Monster – First Hero Expansion,Kingdom Death
Kingdom Death: Monster – Frogdog Expansion,Kingdom Death
Through the Ages: Spanish Promo Card Set,HomoLudicus
Cywilizacja: Poprzez wieki – Polski dodatek 2,Rebel
BGO Extended 2.0 expansion (fan expansion for Through the Ages),(Web published)
Cywilizacja: Poprzez wieki – Polski dodatek 1,Rebel
Through the Ages: A Story of Civilization – Czech expansion,MINDOK
Power Grid: Fabled Expansion,2F-Spiele
Brettspiel Adventskalender 2015,Frosted Games
Power Grid: High-Voltage DC Transmission Passage C,2F-Spiele
Power Grid: The Stock Companies,2F-Spiele
Power Grid: Australia & Indian Subcontinent,2F-Spiele
Power Grid: Taxes,2F-Spiele
Power Grid: Northern Europe/United Kingdom & Ireland,2F-Spiele
Power Grid: Oracle & Industrial Espionage,2F-Spiele
Power Grid: Québec/Baden-Württemberg,2F-Spiele
Funkenschlag: Speicherkraftwerk,W. Nostheide Verlag GmbH
Star Wars: Imperial Assault – Coruscant Back Alleys Skirmish Map,Fantasy Flight Games
Star Wars: Imperial Assault – Endor Defense Station Skirmish Map,Fantasy Flight Games
Star Wars: Imperial Assault – Ezra Bridger and Kanan Jarrus Ally Pack,Asmodee
Star Wars: Imperial Assault – Hondo Ohnaka Villain Pack,Asmodee
Star Wars: Imperial Assault – Sabine Wren and Zeb Orrelios Ally Pack,Fantasy Flight Games
Star Wars: Imperial Assault – Thrawn Villain Pack,Fantasy Flight Games
Star Wars: Imperial Assault – Tyrants of Lothal,Asmodee
Star Wars: Imperial Assault – Ahsoka Tano Ally Pack,Asmodee
Star Wars: Imperial Assault – Alliance Rangers Ally Pack,Edge Entertainment
Star Wars: Imperial Assault – BT-1 and 0-0-0 Villain Pack,Edge Entertainment
Tzolk'in: The Mayan Calendar – Mini Expansion 2,Czech Games Edition
Tzolk'in: The Mayan Calendar – Tribes & Prophecies,Czech Games Edition
Tzolk'in: The Mayan Calendar – Mini Expansion 1,Czech Games Edition
Azul: Special Factories Promo,Frosted Games
Deutscher Spielepreis 2018 Goodie Box,Frosted Games
Azul: Joker Tiles,Lacerta
Eclipse:  Anticipation of the Elders,(Web published)
Eclipse: Black Hole,Lautapelit.fi
Eclipse: Gift of the Elders,(Web published)
Eclipse: Shadow of the Rift,Lautapelit.fi
Eclipse: Nebula,Lautapelit.fi
Eclipse: The Galactic North,(Web published)
Eclipse: Minions of the Solstice,(Web published)
Eclipse: Ship Pack One,Lautapelit.fi
Eclipse: Pulsar,Asmodee
Eclipse: Rise of the Ancients,Lautapelit.fi
Le Havre: Le Grand Hameau – Tablet with App,Lookout Games
Le Havre: Le Grand Hameau,Hobby Japan
Le Havre: Le Grand Hameau – Rattletrap car,Lookout Games
Le Havre: Le Grand Hameau – Wholesale Bakery,Lookout Games
Le Havre: Spielemesse Sonderkarte,Lookout Games
Le Havre Expansion: Essen Promo Cards,Lookout Games
Robinson Crusoe: Adventures on the Cursed Island – Mystery Tales,Edge Entertainment
Robinson Crusoe: Przygoda na przeklętej wyspie – Kafel Wulkanu,Portal Games
Robinson Crusoe: Adventure in the Neverland Junior,Portal Games
"Robinson Crusoe: Adventures on the Cursed Island – ""Time Travel"" Scenario",Portal Games
Robinson Crusoe: Adventures on the Cursed Island – Hunting Adventures,Portal Games
Robinson Crusoe: Adventures on the Cursed Island – In-Store Event Kit,Portal Games
Robinson Crusoe: Adventures on the Cursed Island – Mystery Cards I,Portal Games
Robinson Crusoe: Adventures on the Cursed Island – Shelter Upgrades,Portal Games
Robinson Crusoe: Adventures on the Cursed Island – Event Cards,Portal Games
Robinson Crusoe: Adventures on the Cursed Island – Herb Garden and Pen,Portal Games
The Voyages of Marco Polo: The Secret Paths of Marco Polo,Hans im Glück
The Voyages of Marco Polo: Agents of Venice,Hans im Glück
The Voyages of Marco Polo: The New Characters,Filosofia Éditions
Downfall (Fan expansion for Android: Netrunner),(Web published)
Android: Netrunner – Council of the Crest,Asmodee Italia
Android: Netrunner – Down the White Nile,Asmodee Italia
Android: Netrunner – Kampala Ascendent,Fantasy Flight Games
Android: Netrunner – Magnum Opus cards,Fantasy Flight Games
Android: Netrunner – Reign and Reverie,Fantasy Flight Games
Android: Netrunner – The Devil and the Dragon,Asmodee Italia
Android: Netrunner – Whispers in Nalubaale,Asmodee Italia
Android: Netrunner – Blood and Water,Edge Games LLC
Android: Netrunner – Crimson Dust,Edge Entertainment
7 Wonders: Armada,Repos Production
7 Wonders: Babel,Asmodee
Collection (fan expansion for 7 Wonders),(Web published)
7 Wonders: Wonder Pack,Repos Production
Empires (fan expansion for 7 Wonders),(Self-Published)
Game Wonders (fan expansion for 7 Wonders),(Web published)
7 Wonders: Cities,Repos Production
Lost Wonders (fan expansion for 7 Wonders),(Web published)
More Wonders... (fan expansion for 7 Wonders),(Web published)
Myths (fan expansion for 7 Wonders),(Web published)
Brettspiel Adventskalender 2018,Frosted Games
Keyflower: Boat 7,R&D Games
Keyflower: Delivery Man,Frosted Games
Keyflower: Developer,R&D Games
Keyflower: Sorcerer,R&D Games
Keyflower: Keymelequin,R&D Games
Keyflower: Pig Shelter,Czacha Games
Keyflower: Beekeeper,BoardGameGeek
Keyflower: The Merchants,Czacha Games
Keyflower: Trader,Czacha Games
Anachrony: Fractures of Time,Mindclash Games
Anachrony: The Sentry Post,(Self-Published)
Anachrony: Doomsday Enhancement Pack,Mindclash Games
Anachrony: Exosuit Commander Pack,Engames
Race for the Galaxy: Retrofit Cards,Rio Grande Games
Race for the Galaxy: New Worlds Promo,Rio Grande Games
Race for the Galaxy: Xeno Invasion,Rio Grande Games
Patronage (fan expansion to Race for the Galaxy),(Web published)
Race for the Galaxy: Alien Artifacts,Rio Grande Games
Race for the Galaxy: The Brink of War,Rio Grande Games
Race for the Galaxy: Rebel vs Imperium,Rio Grande Games
Race for the Galaxy: The Gathering Storm,Rio Grande Games
Caylus Expansion: The Jeweller,(Web published)
Root: The Exiles and Partisans Deck,Leder Games
Root: The Underworld Expansion,Leder Games
Root: The Riverfolk Expansion,2Tomatoes
Fields of Arle: New Travel Destination – Aachen,Feuerland Spiele
Fields of Arle: New Travel Destination – Bad Wörishofen,Feuerland Spiele
Fields of Arle: New Travel Destination – Baden,Feuerland Spiele
Fields of Arle: New Travel Destination – Baltrum,Feuerland Spiele
Fields of Arle: New Travel Destination – Kaiserslautern,Feuerland Spiele
Fields of Arle: New Travel Destination – Würzburg,Feuerland Spiele
Fields of Arle: New Travel Destination – Zürich,Feuerland Spiele
Fields of Arle: New Travel Destination – Ahrweiler,Feuerland Spiele
Fields of Arle: New Travel Destination – Arle,Feuerland Spiele
Fields of Arle: New Travel Destination – Basel,Feuerland Spiele
Lords of Waterdeep: Rapid Expansion Promo Card,Wizards of the Coast
Lords of Waterdeep: Scoundrels of Skullport,Wizards of the Coast
Lords of Waterdeep: Inevitable Betrayal Promo Card,Wizards of the Coast
Rising Sun: Stronghold Pack,Cool Mini Or Not
Raging Sun (fan expansion to Rising Sun),(Web published)
Rising Sun: Daimyo Box,CMON Limited
Rising Sun: Dynasty Invasion,CMON Limited
Rising Sun: Kami Unbound,CMON Limited
Rising Sun: Monster Pack,CMON Limited
Twilight Imperium (Third Edition): Shards of the Throne,Fantasy Flight Games
Twilight Imperium (Third Edition): Shattered Empire,Fantasy Flight Games
Five Tribes: Galbells,Days of Wonder
Five Tribes: Whims of the Sultan,Days of Wonder
Five Tribes: The Thieves of Naqala,Days of Wonder
Five Tribes: The Artisans of Naqala,Asterion Press
Five Tribes: Wilwit,Days of Wonder
Five Tribes: Dhenim,Days of Wonder
Eldritch Horror: Masks of Nyarlathotep,Edge Entertainment
Eldritch Horror: Cities in Ruin,Edge Entertainment
Eldritch Horror: The Dreamlands,Arclight
Eldritch Horror: Signs of Carcosa,Edge Entertainment
Eldritch Horror: Strange Remnants,Arclight
Eldritch Horror: Under the Pyramids,Edge Entertainment
Eldritch Horror: Forsaken Lore,ADC Blackfire Entertainment
Eldritch Horror: Mountains of Madness,Arclight
The El Grande Expansions,Rio Grande Games
El Grande: Grandissimo,Hans im Glück
El Grande: König & Intrigant – Player's Edition,Hans im Glück
El Grande: Grossinquisitor und Kolonien,Hans im Glück
El Grande: König & Intrigant,Hans im Glück
El Grande: König & Intrigant – Unverkäufliche Sonderkarten,Hans im Glück
Brettspiel Adventskalender 2018,Frosted Games
Codenames: Bonuskaarten 2018,White Goblin Games
Codenames: Cartes promo – Univers Geek,IELLO
Tajniacy: Obcy Agenci,Rebel
Codenames: Bonus Pack – Board Gaming (English),Czech Games Edition
Fedőnevek: Magyar bónusz csomag,Gém Klub Kft.
Tajniacy: Nowi Agenci,Rebel
Tajniacy: Sami Nieswoi,Rebel
Codenames: Authors & Games,Czech Games Edition
Codenames: Bonus Pack – Board Gaming (German),Czech Games Edition
Clank! Legacy: Acquisitions Incorporated – Upper Management Pack,Dire Wolf Digital
Clank! Expeditions: Gold and Silk,Dire Wolf Digital
Clank!: Expedition Leader,Renegade Game Studios
Clank!: The Mummy's Curse,Dire Wolf Digital
Clank!: Wand of Time,Renegade Game Studios
Brettspiel Adventskalender 2017,Frosted Games
Clank!: Brawn vs. Boots,Conclave Editora
Clank!: Enchanted Dice,Conclave Editora
Clank!: Friendly Watcher,Conclave Editora
Clank!: Magic Spectacles,Conclave Editora
Dominion: Renaissance,Rio Grande Games
Dominion: Dismantle Promo Card,999 Games
Dominion: Erweiterung – Basisspiel & Die Intrige,Rio Grande Games
Dominion: Nocturne,999 Games
Pirate's Life (Fan Expansion to Dominion),(Self-Published)
Dominion: Empires,Rio Grande Games
Dominion: Höflinge Promo Card,Rio Grande Games
Dominion: Intrigue Update Pack,Rio Grande Games
Dominion: Sauna / Avanto Promo Card,ASS Altenburger Spielkarten
Dominion: Adventures,Rio Grande Games
The Gallerist: Scoring Expansion,Eagle-Gryphon Games
The Gallerist: KS Stretch Goal Pack #2,Eagle-Gryphon Games
Patchwork: Automa,Lookout Games
Patchwork: 5x5 Bonuskarte,Lookout Games
Special Buttons (fan-expansion for Patchwork),(Web published)
Deutscher Spielepreis 2016 Goodie Box,Frosted Games
Mombasa: Cooked Books Mini Expansion,eggertspiele
Mombasa: E1/E2 Company Track,eggertspiele
Battlestar Galactica: The Board Game – Daybreak Expansion,Fantasy Flight Games
Battlestar Galactica: The Board Game – Exodus Expansion,Fantasy Flight Games
Battlestar Galactica: The Board Game – Pegasus Expansion,Fantasy Flight Games
Battlestar Galactica: Official Variant Rules,Edge Entertainment
Roll for the Galaxy: Rivalry,Rio Grande Games
Roll for the Galaxy: Bountiful Gaming Grid Promo Tile,Rio Grande Games
Roll for the Galaxy: Terraforming Colony/Diversified Economy Promo Tile,Crowd Games
Roll for the Galaxy: Ambition,Rio Grande Games
Sherlock Holmes Consulting Detective: Murder Behind Closed Doors,(Web published)
Sherlock Holmes Détective Conseil: L'Homme Sans Visage,Ystari Games
Sherlock Holmes Détective Conseil: Les Masques Africains,Ystari Games
L'affaire Diavolo (Fan expansion for Sherlock Holmes Détective Conseil),(Web published)
Sherlock Holmes Consulente Investigativo: Il Mistero dell'Impiccato,(Web published)
Sherlock Holmes Détective Conseil: La Piste Tordue,Asterion Press
Sherlock Holmes Détective Conseil: La rançon du diable,Asterion Press
Sherlock Holmes Détective Conseil: Octobre 1891,(Web published)
Sherlock Holmes Détective Conseil: Oliver Stone,Role Mag'
Sherlock Holmes Consulting Detective: Adventures by Gaslight,Descartes Editeur
Troyes: The Ladies of Troyes,Pearl Games
Troyes: Bonus Cards,Pearl Games
Antic (fan expansion for T.I.M.E Stories),(Web published)
T.I.M.E Stories: Madame,Space Cowboys
T.I.M.E. Stories Revolution: The Hadal Project,Space Cowboys
La Cavale des Daltons (fan expansion for T.I.M.E Stories),(Web published)
City of Souls (fan expansion for T.I.M.E Stories),(Web published)
Dilemma (fan expansion for T.I.M.E Stories),(Web published)
Dreamland (fan expansion for T.I.M.E Stories),(Web published)
Geologists (fan expansion for T.I.M.E Stories),(Web published)
Hora fugit facta manent (fan expansion for T.I.M.E. Stories),(Web published)
La manufacture Lilienfeld (fan expansion for T.I.M.E Stories),(Unknown)
Russian Railroads: Juri Dreigleisky,Hans im Glück
Russian Railroads: American Railroads,Hans im Glück
Russian Railroads: German Railroads,Filosofia Éditions
Russian Railroads: Mini-Expansion,Hans im Glück
Euphrat & Tigris: Die Zikkurat,Pegasus Spiele
Star Wars: X-Wing Miniatures Game – Saw's Renegades Expansion Pack,Asmodee
Star Wars: X-Wing Miniatures Game – TIE Reaper Expansion Pack,Asmodee
Star Wars: X-Wing Miniatures Game – Alpha-Class Star Wing Expansion Pack,Asmodee
Star Wars: X-Wing Miniatures Game – Auzituck Gunship Expansion Pack,Edge Entertainment
Star Wars: X-Wing Miniatures Game – C-ROC Cruiser Expansion Pack,Edge Entertainment
Star Wars: X-Wing Miniatures Game – Guns for Hire Expansion Pack,Asmodee
Star Wars: X-Wing Miniatures Game – M12-L Kimogila Fighter Expansion Pack,Asmodee
Star Wars: X-Wing Miniatures Game – Phantom II Expansion Pack,Asmodee
Star Wars: X-Wing Miniatures Game – Resistance Bomber Expansion Pack,Asmodee
Star Wars: X-Wing Miniatures Game – Scurrg H-6 Bomber Expansion Pack,Edge Entertainment
Pandemic: Gen Con 2016 Promos – Z-Force Team Member/Game Convention,"Z-Man Games, Inc."
Pandemic: Survival Promos – Crisis Mitigator/Relocation Specialist,"Z-Man Games, Inc."
Pandemic: Promo Roles,"Z-Man Games, Inc."
Pandemic: State of Emergency,"Z-Man Games, Inc."
Pandemic: In the Lab,"Z-Man Games, Inc."
Pandemic: On the Brink,"Z-Man Games, Inc."
"Pandemie: Uitbreiding ""De Generalist""",Quined White Goblin Games
Dominion: Renaissance,Rio Grande Games
Dominion: Dismantle Promo Card,999 Games
Dominion: Erweiterung – Basisspiel & Die Intrige,Rio Grande Games
Dominion: Nocturne,999 Games
Pirate's Life (Fan Expansion to Dominion),(Self-Published)
Animals expansion (mini fan expansion for Dominion),(Web published)
Dominion: Empires,Rio Grande Games
Dominion: Höflinge Promo Card,Rio Grande Games
Dominion: Intrigue (Second Edition),999 Games
Dominion: Intrigue Update Pack,Rio Grande Games
Dead of Winter: Giggles,Plaid Hat Games
Dead of Winter: A Crossroads Game – BGG Crossroads Promo,Plaid Hat Games
Dead of Winter: KD James,Edge Entertainment
Dead of Winter: Meryl Wolfe,Edge Entertainment
Dead of Winter: Ruckus Burley,Plaid Hat Games
Dead of Winter: Warring Colonies,Crowd Games
Dead of Winter: Rich Sommer,Plaid Hat Games
Dead of Winter: Rodney Smith,Plaid Hat Games
Dead of Winter: Andrea Smith,Plaid Hat Games
Dead of Winter: Dice Tower Crossroads Promo,Plaid Hat Games
Kemet: Seth,Funiverse
Kemet: Dice Tower Promo 2016,Matagot
Kemet: New Power Tiles,Matagot
Kemet: Skills and Black Power Tile For Ta-Seti,Matagot
Kemet: Ta-Seti,Matagot
C3K: Creatures Crossover Cyclades/Kemet,Asmodee
Agricola: Corbarius Deck,Lookout Games
Agricola: Bubulcus Deck,Lookout Games
Agricola: Changelings,Lookout Games
Agricola: Farmers of the Moor,Lacerta
Agricola Game Expansion: Blue,WizKids
Agricola Game Expansion: Green,WizKids
Agricola Game Expansion: Purple,WizKids
Agricola Game Expansion: Red,WizKids
Agricola Game Expansion: White,WizKids
Agricola Game Expansion: Yellow,WizKids
Descent: Journeys in the Dark (Second Edition) – Lost Legends Expansion Pack,Fantasy Flight Games
Descent: Journeys in the Dark (Second Edition) – Road to Legend,Fantasy Flight Games
Descent: Journeys in the Dark (Second Edition) – Shards of Everdark,Edge Entertainment
Descent: Journeys in the Dark (Second Edition) – Stewards of the Secret,Edge Entertainment
Descent: Journeys in the Dark (Second Edition) – The Chains That Rust,Edge Entertainment
Descent: Journeys in the Dark (Second Edition) – Ardus Ix'Erebus Lieutenant Pack,Edge Entertainment
Descent: Journeys in the Dark (Second Edition) – Bonds of the Wild,Edge Entertainment
Descent: Journeys in the Dark (Second Edition) – Dark Elements,Asmodee
Descent: Journeys in the Dark (Second Edition) – Heirs of Blood,Edge Entertainment
Descent: Journeys in the Dark (Second Edition) – Kyndrithul Lieutenant Pack,Edge Entertainment
Garphill Games 5-Year Anniversary Promo Pack,Garphill Games
Raiders of the North Sea: Garphill Games 5-Year Anniversary Promos,Garphill Games
Raiders of the North Sea: Ceedee Promo Card,Garphill Games
Raiders of the North Sea: Fields of Fame,Garphill Games
Raiders of the North Sea: Hall of Heroes,Garphill Games
Raiders of the North Sea: Jarl Promo,Garphill Games
Raiders of the North Sea: Outsiders,Garphill Games
Raiders of the North Sea: Solo Variant,Garphill Games
Raiders of the North Sea: The Meeple Men Promo Card,Garphill Games
Raiders of the North Sea: The Mico Promo,Garphill Games
Stone Age: The Mammoth Herd,Hans im Glück
Stadt Land Spielt Limitierte Sonderdrucke 2013,ABACUSSPIELE
Stone Age: Casino,Hans im Glück
Schmuck und Handel (fan expansion for Stone Age),(Web published)
Stone Age: The Expansion,Hans im Glück
Stone Age: The New Huts,Hans im Glück
Alchemists: The King's Golem,Cranio Creations
Alchemists: Publisher,     + -3 more 
Alchemists: Ring of Favor,Cranio Creations
Yokohama: Achievements & Free Agents Promo,德斯克 (Dexker Games)
Aeon's End: Buried Secrets,Indie Boards & Cards
Aeon's End: Echo Stone and Splinter Missile Promo,Indie Boards & Cards
Aeon's End: The Ancients,Action Phase Games
Aeon's End: Thieving Spirit,Indie Boards & Cards
Aeon's End: Tabletop Day 2017 Promos – Drown in Flames / Glyph Enigma,Action Phase Games
Aeon's End: The Nameless,Action Phase Games
Aeon's End: The Outer Dark,Indie Boards & Cards
Aeon's End: The Void,Action Phase Games
Aeon's End: War Eternal – Promo Pack,Action Phase Games
Aeon's End: Fleeting Vision Promo,Action Phase Games
Star Realms: Command Deck – Lost Fleet,White Wizard Games
Star Realms: Command Deck – The Alignment,White Wizard Games
Star Realms: Command Deck – The Alliance,White Wizard Games
Star Realms: Command Deck – The Coalition,White Wizard Games
Star Realms: Command Deck – The Pact,White Wizard Games
Star Realms: Command Deck – The Union,White Wizard Games
Star Realms: Command Deck – The Unity,White Wizard Games
Star Realms: Frontiers – Kickstarter Promos,White Wizard Games
Star Realms: Merc Destroyer Promo Card,White Wizard Games
Star Realms: Merc Tower Promo Card,White Wizard Games
War of the Ring: Scenario – The Breaking of the Fellowship,Ares Games
War of the Ring: Battles of the Third Age,(Unknown)
Legendary Encounters: An Alien Deck Building Game Expansion,Upper Deck Entertainment
Legendary Encounters: ALIEN Conversion Kit,Upper Deck Entertainment
Champions of Midgard: Asian Monsters,Grey Fox Games
Champions of Midgard: Bjorn Hammerblow the Fantastic promo,Grey Fox Games
Champions of Midgard: Gullinkambi Public Boat Promo,Czacha Games
Champions of Midgard: Meeple Monster Promo Card,Grey Fox Games
Champions of Midgard: Mercenaries Land Journey Promo Card,Czacha Games
Champions of Midgard: Merchant Ship Promo Cards,Czacha Games
Champions of Midgard: Shipwreck Journey Promo Cards,Czacha Games
Champions of Midgard: Draudan and Bergrisar King Promo Cards,Grey Fox Games
Champions of Midgard: Jarl Edition,Grey Fox Games
Champions of Midgard: The Dark Mountains,Corax Games
Castles of Mad King Ludwig: Secrets,Bézier Games
Zamki szalonego króla Ludwika: Polskie zamki,Planszoweczka.pl
Camel Up: The Referee Camel & Istanbul – Caravan Leader Mini Expansion,Pegasus Spiele
Brettspiel Adventskalender 2016,Frosted Games
Istanbul: Caravan Leader Mini Expansion,Pegasus Spiele
Istanbul: Letters & Seals,2 Pionki
Istanbul: Pegasus Depot Mini Expansion,Frosted Games
Istanbul: Mocha & Baksheesh,Pegasus Spiele
Istanbul: Kebab Shop Mini Expansion,Matagot
A Game of Thrones: The Board Game (Second Edition) – Mother of Dragons,Fantasy Flight Games
A Game of Thrones: The Board Game (Second Edition) – A Feast for Crows,Edge Entertainment
A Game of Thrones: The Board Game (Second Edition) – A Dance with Dragons,Edge Entertainment
Architects of the West Kingdom: Garphill Games 5-Year Anniversary Promos,Fever Games
Architects of the West Kingdom: Paladins Apprentices,Garphill Games
Garphill Games 5-Year Anniversary Promo Pack,Garphill Games
Architects of the West Kingdom: Extra Apprentices,Garphill Games
Architects of the West Kingdom: Extra Buildings,Garphill Games
Architects of the West Kingdom: Extra Player Boards,Garphill Games
The Resistance: Avalon Promos,Indie Boards & Cards
Santorini: Asteria,Roxley
Santorini: Hippolyta,Roxley
Santorini: Hydra,Roxley
Santorini: Iris,Roxley
Santorini: Nyx,Roxley
Santorini: Pegasus,Roxley
Santorini: Promo Pack,Roxley
Santorini: Castor & Pollux,Roxley
Santorini: Eris,Roxley
Santorini: Golden Fleece,Roxley
Teotihuacan: City of Gods – Man vs Meeple Promo,Board&Dice
"Teotihuacan: City of Gods – Pyramid Tile Promo, Red Temple",Board&Dice
Teotihuacan: Late Preclassic Period,Board&Dice
Brettspiel Adventskalender 2018,Frosted Games
Teotihuacan: City of Gods – Brettspiel Adventskalender 2018 Promo,Frosted Games
Teotihuacan: City of Gods – Dice Settlers Promo,NSKN Games
