Game,Zvrst
Gloomhaven,"['Adventure', 'Exploration', 'Fantasy', 'Fighting', 'Miniatures']"
Pandemic Legacy: Season 1,"['Environmental', 'Medical']"
Through the Ages: A New Story of Civilization,"['Card Game', 'Civilization', 'Economic']"
Terraforming Mars,"['Economic', 'Environmental', 'Industry / Manufacturing', 'Science Fiction', 'Space Exploration', 'Territory Building']"
Twilight Struggle,"['Modern Warfare', 'Political', 'Wargame']"
Star Wars: Rebellion,"['Fighting', 'Miniatures', 'Movies / TV / Radio theme', 'Science Fiction', 'Wargame']"
Gaia Project,"['Civilization', 'Economic', 'Science Fiction', 'Space Exploration', 'Territory Building']"
Scythe,"['Economic', 'Fighting', 'Science Fiction', 'Territory Building']"
Twilight Imperium (Fourth Edition),"['Civilization', 'Economic', 'Negotiation', 'Political', 'Science Fiction']"
Great Western Trail,"['American West', 'Animals']"
Terra Mystica,"['Civilization', 'Economic', 'Fantasy', 'Territory Building']"
War of the Ring (Second Edition),"['Adventure', 'Fantasy', 'Fighting', 'Miniatures', 'Novel-based']"
The Castles of Burgundy,"['Dice', 'Medieval', 'Territory Building']"
Brass: Birmingham,"['Economic', 'Industry / Manufacturing', 'Transportation']"
Spirit Island,"['Age of Reason', 'Environmental', 'Fantasy', 'Fighting', 'Mythology']"
7 Wonders Duel,"['Ancient', 'Card Game', 'City Building', 'Civilization']"
Concordia,"['Ancient', 'Economic', 'Nautical']"
The 7th Continent,"['Adventure', 'Card Game', 'Exploration', 'Science Fiction']"
Viticulture Essential Edition,"['Economic', 'Farming']"
Arkham Horror: The Card Game,"['Adventure', 'Card Game', 'Collectible Components', 'Fantasy', 'Horror', 'Novel-based']"
Puerto Rico,"['City Building', 'Economic', 'Farming']"
Brass: Lancashire,"['Economic', 'Industry / Manufacturing', 'Transportation']"
Caverna: The Cave Farmers,"['Animals', 'Economic', 'Fantasy', 'Farming']"
Mage Knight Board Game,"['Adventure', 'Exploration', 'Fantasy', 'Fighting']"
Agricola,"['Animals', 'Economic', 'Farming']"
Orléans,"['Medieval', 'Religious', 'Travel']"
Mansions of Madness: Second Edition,"['Adventure', 'Exploration', 'Fantasy', 'Fighting', 'Horror']"
A Feast for Odin,"['Economic', 'Industry / Manufacturing', 'Medieval', 'Puzzle']"
Food Chain Magnate,"['Economic', 'Industry / Manufacturing']"
Blood Rage,"['Fantasy', 'Fighting', 'Miniatures', 'Mythology']"
Mechs vs. Minions,"['Fantasy', 'Fighting', 'Miniatures', 'Video Game Theme']"
Pandemic Legacy: Season 2,"['Environmental', 'Exploration', 'Medical']"
Kingdom Death: Monster,"['Adventure', 'Fantasy', 'Horror', 'Mature / Adult', 'Miniatures', 'Mythology']"
Star Wars: Imperial Assault,"['Adventure', 'Fighting', 'Miniatures', 'Movies / TV / Radio theme', 'Science Fiction', 'Wargame']"
Power Grid,"['Economic', 'Industry / Manufacturing']"
Through the Ages: A Story of Civilization,"['Civilization', 'Economic']"
Azul,"['Abstract Strategy', 'Renaissance']"
Tzolk'in: The Mayan Calendar,"['Ancient', 'Civilization', 'Economic', 'Farming', 'Mythology']"
Eclipse,"['Civilization', 'Fighting', 'Science Fiction', 'Space Exploration', 'Wargame']"
Le Havre,"['City Building', 'Economic', 'Industry / Manufacturing', 'Nautical']"
Robinson Crusoe: Adventures on the Cursed Island,"['Adventure', 'Exploration', 'Fighting', 'Novel-based']"
The Voyages of Marco Polo,"['Dice', 'Economic', 'Medieval', 'Travel']"
Clans of Caledonia,"['Economic', 'Farming']"
Android: Netrunner,"['Bluffing', 'Card Game', 'Collectible Components', 'Science Fiction']"
7 Wonders,"['Ancient', 'Card Game', 'City Building', 'Civilization']"
Keyflower,"['City Building', 'Economic', 'Nautical', 'Renaissance', 'Territory Building']"
Anachrony,"['Economic', 'Science Fiction']"
Race for the Galaxy,"['Card Game', 'Civilization', 'Economic', 'Science Fiction', 'Space Exploration']"
Caylus,"['City Building', 'Economic', 'Medieval']"
Dominant Species,"['Animals', 'Environmental', 'Prehistoric']"
Fields of Arle,"['Economic', 'Farming', 'Industry / Manufacturing']"
Lords of Waterdeep,"['City Building', 'Fantasy']"
Root,"['Animals', 'Fantasy', 'Wargame']"
Rising Sun,"['Bluffing', 'Fantasy', 'Miniatures', 'Mythology', 'Negotiation', 'Wargame']"
Twilight Imperium (Third Edition),"['Civilization', 'Negotiation', 'Political', 'Science Fiction', 'Space Exploration', 'Wargame']"
Five Tribes,"['Animals', 'Arabian', 'Fantasy', 'Mythology']"
Wingspan,"['Animals', 'Card Game', 'Dice', 'Economic', 'Educational']"
Eldritch Horror,"['Adventure', 'Fantasy', 'Fighting', 'Horror', 'Novel-based']"
El Grande,"['Medieval', 'Renaissance']"
Codenames,"['Card Game', 'Deduction', 'Party Game', 'Spies/Secret Agents', 'Word Game']"
Clank!: A Deck-Building Adventure,"['Adventure', 'Fantasy']"
Dominion: Intrigue,"['Card Game', 'Medieval']"
Patchwork,"['Abstract Strategy', 'Puzzle']"
The Gallerist,['Economic']
Mombasa,['Economic']
Battlestar Galactica: The Board Game,"['Bluffing', 'Deduction', 'Movies / TV / Radio theme', 'Political', 'Science Fiction']"
Roll for the Galaxy,"['Civilization', 'Dice', 'Economic', 'Science Fiction', 'Space Exploration']"
Troyes,"['Dice', 'Economic', 'Medieval']"
Sherlock Holmes Consulting Detective: The Thames Murders & Other Cases,"['Deduction', 'Murder/Mystery', 'Novel-based', 'Post-Napoleonic', 'Spies/Secret Agents']"
T.I.M.E Stories,"['Adventure', 'Mature / Adult', 'Puzzle', 'Science Fiction']"
Russian Railroads,"['Industry / Manufacturing', 'Trains']"
Tigris & Euphrates,"['Ancient', 'Civilization', 'Territory Building']"
Trajan,"['Ancient', 'Political']"
Star Wars: X-Wing Miniatures Game,"['Aviation / Flight', 'Bluffing', 'Collectible Components', 'Miniatures', 'Movies / TV / Radio theme']"
Pandemic,['Medical']
Dominion,"['Card Game', 'Medieval']"
Dead of Winter: A Crossroads Game,"['Bluffing', 'Deduction', 'Horror', 'Zombies']"
Lisboa,"['City Building', 'Economic', 'Political']"
Crokinole,['Action / Dexterity']
Kemet,"['Ancient', 'Fighting', 'Miniatures', 'Mythology']"
Pandemic: Iberia,['Medical']
Agricola (Revised Edition),"['Animals', 'Economic', 'Farming']"
Descent: Journeys in the Dark (Second Edition),"['Adventure', 'Exploration', 'Fantasy', 'Fighting', 'Miniatures']"
Forbidden Stars,"['Bluffing', 'Fighting', 'Miniatures', 'Science Fiction', 'Wargame']"
Stone Age,"['Dice', 'Prehistoric']"
Raiders of the North Sea,"['Medieval', 'Nautical']"
Alchemists,"['Deduction', 'Fantasy']"
Aeon's End,"['Card Game', 'Fantasy', 'Science Fiction']"
Yokohama,['Economic']
Star Realms,"['Card Game', 'Fighting', 'Science Fiction']"
War of the Ring (First Edition),"['Adventure', 'Fantasy', 'Miniatures', 'Novel-based', 'Territory Building', 'Wargame']"
Legendary Encounters: An Alien Deck Building Game,"['Card Game', 'Fighting', 'Horror', 'Movies / TV / Radio theme', 'Science Fiction']"
Champions of Midgard,"['Adventure', 'Dice', 'Fantasy', 'Fighting', 'Medieval', 'Mythology']"
Castles of Mad King Ludwig,"['Post-Napoleonic', 'Puzzle']"
Istanbul,['Economic']
A Game of Thrones: The Board Game (Second Edition),"['Bluffing', 'Fantasy', 'Negotiation', 'Novel-based', 'Political', 'Wargame']"
The Resistance: Avalon,"['Bluffing', 'Card Game', 'Deduction', 'Fantasy', 'Medieval']"
Santorini,"['Abstract Strategy', 'Ancient', 'Mythology']"
Grand Austria Hotel,['Economic']
Architects of the West Kingdom,"['City Building', 'Medieval']"
Gloomhaven: Forgotten Circles,"['Adventure', 'Expansion for Base-game', 'Exploration', 'Fantasy', 'Fighting', 'Miniatures']"
Gloomhaven: Solo Scenarios,"['Adventure', 'Expansion for Base-game', 'Exploration', 'Fantasy', 'Fighting', 'Miniatures']"
Gloomhaven: The End of the World (Promo Scenario),"['Adventure', 'Expansion for Base-game', 'Exploration', 'Fantasy', 'Fighting', 'Miniatures']"
Terraforming Mars: Gathering of Friends Promo Card,"['Economic', 'Environmental', 'Expansion for Base-game', 'Industry / Manufacturing', 'Science Fiction']"
Terraforming Mars: Turmoil,"['Economic', 'Environmental', 'Expansion for Base-game', 'Industry / Manufacturing', 'Science Fiction']"
Terraforming Mars: Atmo Collectors Promo Card,"['Economic', 'Environmental', 'Expansion for Base-game', 'Industry / Manufacturing', 'Science Fiction', 'Territory Building']"
Terraforming Mars: BGG User-Created Corporation Pack,"['Economic', 'Environmental', 'Expansion for Base-game', 'Industry / Manufacturing', 'Science Fiction', 'Territory Building']"
Terraforming Mars: Colonies,"['Economic', 'Environmental', 'Expansion for Base-game', 'Industry / Manufacturing', 'Science Fiction', 'Territory Building']"
Terraforming Mars: Jovian Lanterns Promo Card,"['Economic', 'Environmental', 'Expansion for Base-game', 'Industry / Manufacturing', 'Science Fiction', 'Territory Building']"
Terraforming Mars: Lunar Exports Promo Card,"['Economic', 'Environmental', 'Expansion for Base-game', 'Industry / Manufacturing', 'Science Fiction', 'Territory Building']"
Terraforming Mars: Prelude,"['Economic', 'Environmental', 'Expansion for Base-game', 'Industry / Manufacturing', 'Science Fiction']"
Terraforming Mars: Hellas & Elysium,"['Economic', 'Environmental', 'Expansion for Base-game', 'Industry / Manufacturing', 'Science Fiction', 'Territory Building']"
Terraforming Mars: Penguins Promo Card,"['Economic', 'Environmental', 'Industry / Manufacturing', 'Science Fiction', 'Territory Building']"
Twilight Struggle: Turn Zero and Promo Packs,"['Modern Warfare', 'Political', 'Wargame']"
Twilight Struggle: Regime of the Colonels Promo Card,"['Modern Warfare', 'Political', 'Wargame']"
Twilight Struggle: Promo Deck,"['Expansion for Base-game', 'Modern Warfare', 'Political', 'Wargame']"
Twilight Struggle: Turn Zero,"['Bluffing', 'Modern Warfare', 'Political', 'Wargame']"
"Twilight Struggle: ""Pakt Bagdadzki"" and ""Stan Wojenny"" Promo Cards","['Expansion for Base-game', 'Modern Warfare', 'Political']"
"Twilight Struggle: ""Referendum NATO"" Promo Card","['Expansion for Base-game', 'Modern Warfare', 'Political', 'Wargame']"
"Twilight Struggle: ""Anni di Piombo"" Promo Card","['Expansion for Base-game', 'Modern Warfare', 'Political', 'Wargame']"
"Twilight Struggle: ""Gladio"" Promo Card","['Modern Warfare', 'Political']"
"Twilight Struggle: ""Финляндизация"" Promo Card","['Modern Warfare', 'Political', 'Wargame']"
Star Wars: Rebellion – Rise of the Empire,"['Expansion for Base-game', 'Movies / TV / Radio theme', 'Science Fiction']"
Scythe: Modular Board,"['Economic', 'Expansion for Base-game', 'Fighting', 'Science Fiction', 'Territory Building']"
Scythe: Bonus Promo Pack – 6 Promo Encounter Cards numbers 37-42,['Expansion for Base-game']
Scythe: Encounters,"['Economic', 'Expansion for Base-game', 'Exploration', 'Fighting', 'Territory Building']"
Scythe: The Rise of Fenris,"['Civilization', 'Economic', 'Expansion for Base-game', 'Fighting', 'Territory Building']"
Scythe: Promo Pack #11 – Encounter Card 39,"['Civilization', 'Economic', 'Expansion for Base-game', 'Fighting', 'Science Fiction', 'Territory Building']"
Scythe: Promo Pack #12 – Encounter Card 40,"['Economic', 'Expansion for Base-game', 'Science Fiction', 'Territory Building']"
Scythe: Promo Pack #13 – Encounter Card 41,"['Civilization', 'Economic', 'Expansion for Base-game', 'Fighting', 'Science Fiction', 'Territory Building']"
Scythe: Promo Pack #14 – Encounter Card 42,['Expansion for Base-game']
Scythe: The Wind Gambit,"['Economic', 'Expansion for Base-game', 'Transportation', 'Wargame']"
Scythe: Invaders from Afar,"['Economic', 'Expansion for Base-game', 'Territory Building', 'Wargame']"
Brettspiel Adventskalender 2018,['Expansion for Base-game']
Great Western Trail: At the Poker Table,"['American West', 'Animals', 'Expansion for Base-game']"
Great Western Trail: Rails to the North,"['American West', 'Expansion for Base-game']"
Deutscher Spielepreis 2017 Goodie Box,['Expansion for Base-game']
Great Western Trail: Promo Station Master Tiles,"['American West', 'Expansion for Base-game']"
Great Western Trail: The Eleventh Building Tile,['Expansion for Base-game']
Terra Mystica: Erweiterungsbogen,['Expansion for Base-game']
Terra Mystica: Fire & Ice,"['Civilization', 'Economic', 'Expansion for Base-game', 'Fantasy', 'Territory Building']"
Terra Mystica: 4 Town Tiles,"['Civilization', 'Economic', 'Expansion for Base-game', 'Fantasy', 'Territory Building']"
Terra Mystica: Bonus Card Shipping Value,"['Civilization', 'Economic', 'Expansion for Base-game', 'Fantasy', 'Territory Building']"
War of the Ring: Warriors of Middle-earth,"['Adventure', 'Expansion for Base-game', 'Fantasy', 'Fighting', 'Miniatures']"
War of the Ring: Warriors of Middle-earth – Tidings Not Burdens Mini-Expansion,"['Adventure', 'Dice', 'Expansion for Base-game', 'Fantasy', 'Miniatures']"
War of the Ring: Lords of Middle-earth,"['Adventure', 'Dice', 'Expansion for Base-game', 'Fantasy', 'Miniatures']"
War of the Ring: Lords of Middle-earth – Treebeard Mini-Expansion,"['Adventure', 'Dice', 'Expansion for Base-game', 'Fantasy', 'Miniatures']"
War of the Ring: Scenario – The Breaking of the Fellowship,"['Adventure', 'Dice', 'Fantasy', 'Miniatures', 'Novel-based']"
Brettspiel Adventskalender 2018,['Expansion for Base-game']
The Castles of Burgundy: 10th Expansion – Solo,"['Dice', 'Expansion for Base-game', 'Medieval', 'Territory Building']"
Brettspiel Adventskalender 2017,['Expansion for Base-game']
The Castles of Burgundy: 8th Expansion – Trade Routes,['Expansion for Base-game']
The Castles of Burgundy: 9th Expansion – The Team Game,"['Expansion for Base-game', 'Medieval', 'Territory Building']"
The Castles of Burgundy: 7th Expansion – German Board Game Championship Board 2016,"['Expansion for Base-game', 'Medieval', 'Territory Building']"
Brettspiel Adventskalender 2015,['Expansion for Base-game']
The Castles of Burgundy: 6th Expansion – The Cloisters,"['Dice', 'Expansion for Base-game']"
The Castles of Burgundy: 5th Expansion – Pleasure Garden,"['Dice', 'Expansion for Base-game', 'Medieval', 'Territory Building']"
Stadt Land Spielt Limitierter Sonderdruck Tag des Gesellschaftsspiels,['Expansion for Base-game']
Spirit Island: Jagged Earth,"['Age of Reason', 'Environmental', 'Expansion for Base-game', 'Fantasy', 'Fighting']"
Spirit Island: Promo Pack 2,"['Age of Reason', 'Environmental', 'Expansion for Base-game', 'Fantasy', 'Fighting']"
Spirit Island: Unter der Insel schlummernde Schlange Promo,"['Expansion for Base-game', 'Mythology', 'Territory Building']"
Spirit Island: Branch & Claw,"['Age of Reason', 'Environmental', 'Expansion for Base-game', 'Fantasy', 'Fighting', 'Mythology']"
Spirit Island: Champions of the Dahan Token Pack,"['Age of Reason', 'Environmental', 'Expansion for Base-game', 'Fantasy', 'Fighting']"
Spirit Island: Expansion Playmat,['Expansion for Base-game']
Spirit Island: Promo Pack 1,"['Expansion for Base-game', 'Mythology', 'Territory Building']"
Leaders (fan expansion to  7 Wonders Duel),"['Ancient', 'Card Game', 'City Building', 'Civilization', 'Expansion for Base-game', 'Fan Expansion']"
7 Wonders Duel: Pantheon,"['Ancient', 'Card Game', 'City Building', 'Civilization', 'Expansion for Base-game']"
7 Wonders Duel: Statue of Liberty,"['Ancient', 'Card Game', 'City Building', 'Civilization', 'Expansion for Base-game']"
7 Wonders Duel: The Messe Essen Promo Card,"['Ancient', 'Card Game', 'City Building', 'Civilization', 'Expansion for Base-game']"
Concordia: Venus (expansion),"['Ancient', 'Economic', 'Expansion for Base-game']"
Concordia: Aegyptus / Creta,['Expansion for Base-game']
Concordia: 8 Forum Cards mini-expansion,"['Ancient', 'Economic', 'Expansion for Base-game']"
Concordia: Gallia / Corsica,"['Ancient', 'Economic', 'Expansion for Base-game', 'Nautical']"
Concordia: Salsa,"['Ancient', 'Expansion for Base-game']"
Concordia: Britannia / Germania,"['Ancient', 'Economic', 'Expansion for Base-game', 'Nautical']"
The 7th Continent: Comfort Creatures,"['Adventure', 'Card Game', 'Expansion for Base-game', 'Exploration']"
The 7th Continent: The Flying Roots,"['Adventure', 'Card Game', 'Expansion for Base-game', 'Exploration']"
"The 7th Continent: What Goes Up, Must Come Down","['Adventure', 'Card Game', 'Expansion for Base-game', 'Exploration']"
The 7th Continent: BGG Promo Cards,"['Adventure', 'Card Game', 'Expansion for Base-game', 'Exploration']"
The 7th Continent: Facing the Elements,"['Adventure', 'Card Game', 'Expansion for Base-game', 'Exploration']"
The 7th Continent: Fear the Devourers,"['Adventure', 'Card Game', 'Expansion for Base-game', 'Exploration']"
The 7th Continent: Path of Repentance,"['Adventure', 'Expansion for Base-game', 'Exploration']"
The 7th Continent: Swamp of Madness,"['Adventure', 'Expansion for Base-game', 'Exploration']"
The 7th Continent: The Forbidden Sanctuary,"['Adventure', 'Exploration']"
The 7th Continent: The Icy Maze,"['Adventure', 'Card Game', 'Expansion for Base-game', 'Exploration']"
Viticulture: Visit from the Rhine Valley,"['Expansion for Base-game', 'Farming']"
Tuscany Essential Edition,"['Expansion for Base-game', 'Farming']"
Viticulture: Moor Visitors Expansion,"['Economic', 'Expansion for Base-game', 'Farming']"
Viticulture: Arboriculture Expansion,"['Economic', 'Expansion for Base-game', 'Farming']"
Viticulture: Kickstarter Promotional Cards,"['Economic', 'Expansion for Base-game', 'Farming']"
Arkham Horror: The Card Game – Before the Black Throne: Mythos Pack,"['Adventure', 'Card Game', 'Expansion for Base-game', 'Fantasy', 'Horror', 'Novel-based']"
Arkham Horror: The Card Game – For the Greater Good: Mythos Pack,"['Adventure', 'Card Game', 'Expansion for Base-game', 'Fantasy', 'Horror', 'Novel-based']"
Arkham Horror: The Card Game – In The Clutches of Chaos: Mythos Pack,"['Adventure', 'Card Game', 'Collectible Components', 'Expansion for Base-game', 'Fantasy']"
Arkham Horror: The Card Game – Return to the Path to Carcosa,['Expansion for Base-game']
Arkham Horror: The Card Game – The Circle Undone: Expansion,"['Card Game', 'Expansion for Base-game', 'Fantasy', 'Horror', 'Novel-based']"
Arkham Horror: The Card Game – The Secret Name: Mythos Pack,"['Adventure', 'Card Game', 'Expansion for Base-game', 'Fantasy', 'Horror', 'Novel-based']"
Arkham Horror: The Card Game – The Wages of Sin: Mythos Pack,"['Adventure', 'Card Game', 'Expansion for Base-game', 'Fantasy', 'Horror', 'Novel-based']"
Arkham Horror: The Card Game – Union and Disillusion: Mythos Pack,"['Adventure', 'Card Game', 'Collectible Components', 'Expansion for Base-game', 'Fantasy']"
Arkham Horror: The Card Game – Beta Cards from Arkham Night 2018,"['Adventure', 'Card Game', 'Collectible Components', 'Expansion for Base-game', 'Fantasy']"
Arkham Horror: The Card Game – Black Stars Rise: Mythos Pack,"['Adventure', 'Card Game', 'Expansion for Base-game', 'Fantasy', 'Horror', 'Novel-based']"
Puerto Rico: Expansions 1&2 – The New Buildings & The Nobles,"['City Building', 'Economic', 'Expansion for Base-game', 'Farming']"
Puerto Rico: Expansion II – The Nobles,['Expansion for Base-game']
Treasure Chest,['Expansion for Base-game']
Haiti (fan expansion for Puerto Rico),"['City Building', 'Economic', 'Expansion for Base-game', 'Fan Expansion', 'Farming']"
Puerto Rico: Expansion I – New Buildings,"['City Building', 'Economic', 'Expansion for Base-game', 'Farming']"
Brass: 2-player board,"['Economic', 'Expansion for Base-game', 'Industry / Manufacturing', 'Transportation']"
Catalonia (fan expansion for Brass),"['Economic', 'Expansion for Base-game', 'Fan Expansion', 'Industry / Manufacturing', 'Transportation']"
Caverna: The Forgotten Folk,"['Animals', 'Economic', 'Expansion for Base-game', 'Fantasy', 'Farming']"
Caverna: The Forgotten Folk – Adventurers Promo,"['Animals', 'Economic', 'Expansion for Base-game', 'Fantasy', 'Farming']"
Caverna: The Forgotten Folk – Halflings promo,"['Animals', 'Economic', 'Expansion for Base-game', 'Fantasy', 'Farming']"
Caverna: Water Expansion,"['Animals', 'Economic', 'Expansion for Base-game', 'Farming']"
Caverna: Christmas Chamber,"['Economic', 'Expansion for Base-game', 'Farming']"
Caverna: LARP and Cosplay Postcard,"['Economic', 'Expansion for Base-game', 'Farming']"
Caverna: Mini Expansion,"['Economic', 'Expansion for Base-game', 'Farming']"
Mage Knight Board Game: Dual Color Cards Expansion,"['Adventure', 'Expansion for Base-game', 'Exploration', 'Fantasy', 'Fighting']"
Mage Knight Board Game: Shades of Tezla Expansion,"['Adventure', 'Expansion for Base-game', 'Exploration', 'Fantasy', 'Fighting']"
Mage Knight Board Game: Krang Character Expansion,"['Adventure', 'Expansion for Base-game', 'Exploration', 'Fantasy', 'Fighting', 'Miniatures']"
Mage Knight Board Game: The Lost Legion Expansion,"['Adventure', 'Expansion for Base-game', 'Exploration', 'Fantasy', 'Fighting', 'Miniatures']"
Agricola: Changelings,"['Animals', 'Economic', 'Expansion for Base-game', 'Farming']"
Agricola: Glon­na­cker,"['Animals', 'Economic', 'Farming']"
Agricola: France Deck,"['Economic', 'Expansion for Base-game', 'Farming']"
Agricola: Bielefeld Deck,"['Economic', 'Expansion for Base-game', 'Farming']"
Agricola: Belgium Deck,"['Economic', 'Expansion for Base-game', 'Farming']"
Agricola: Brakelhühner Promo Card,"['Economic', 'Expansion for Base-game', 'Farming']"
Agricola: De Lage Landen,"['Economic', 'Expansion for Base-game', 'Farming']"
Agricola: Pi-Deck,"['Economic', 'Expansion for Base-game', 'Farming']"
Agricola Ereigniskarten,"['Economic', 'Expansion for Base-game', 'Farming']"
Agricola: NL-Deck,"['Economic', 'Expansion for Base-game', 'Farming']"
Orléans: 5th Player Box,"['Expansion for Base-game', 'Medieval', 'Religious', 'Travel']"
Orléans: L'évêché de Tours,"['Expansion for Base-game', 'Medieval', 'Religious', 'Travel']"
Orléans: Promo Ortskarten N°2,"['Expansion for Base-game', 'Medieval', 'Religious', 'Travel']"
Orléans: Drawbridge,"['Expansion for Base-game', 'Medieval', 'Religious', 'Travel']"
Orléans: Neue Ortskarten N°5,"['Expansion for Base-game', 'Medieval']"
Orléans: Opera,"['Expansion for Base-game', 'Medieval', 'Religious', 'Travel']"
Orléans: Promo Ortskarten N°1,"['Expansion for Base-game', 'Medieval']"
Orléans: Neue Ortskarten N°4,"['Expansion for Base-game', 'Medieval']"
Orléans: Prairie,"['Expansion for Base-game', 'Medieval', 'Religious', 'Travel']"
Orléans: Trade & Intrigue,"['Expansion for Base-game', 'Medieval', 'Religious', 'Travel']"
Mansions of Madness: Second Edition – Horrific Journeys: Expansion,"['Adventure', 'Expansion for Base-game', 'Exploration', 'Fantasy', 'Fighting']"
Mansions of Madness: Second Edition – Sanctum of Twilight: Expansion,"['Adventure', 'Expansion for Base-game', 'Exploration', 'Fantasy', 'Fighting']"
Mansions of Madness: Second Edition – Beyond the Threshold: Expansion,"['Adventure', 'Exploration', 'Fantasy', 'Fighting', 'Horror']"
Mansions of Madness: Second Edition – Streets of Arkham: Expansion,"['Adventure', 'Expansion for Base-game', 'Exploration', 'Fantasy', 'Fighting']"
Mansions of Madness: Second Edition – Recurring Nightmares: Figure and Tile Collection,"['Adventure', 'Exploration', 'Fantasy', 'Fighting', 'Horror']"
Mansions of Madness: Second Edition – Suppressed Memories: Figure and Tile Collection,"['Adventure', 'Expansion for Base-game', 'Exploration', 'Fantasy', 'Fighting']"
A Feast for Odin: The Norwegians,"['Economic', 'Expansion for Base-game', 'Farming', 'Industry / Manufacturing', 'Medieval']"
Deutscher Spielepreis 2017 Goodie Box,['Expansion for Base-game']
"A Feast for Odin: Lofoten, Orkney, and Tierra del Fuego","['Economic', 'Expansion for Base-game', 'Industry / Manufacturing', 'Medieval', 'Puzzle']"
A Feast for Odin: New Special Tiles,"['Economic', 'Industry / Manufacturing', 'Medieval', 'Puzzle']"
Food Chain Magnate: The Ketchup Mechanism & Other Ideas,"['Economic', 'Expansion for Base-game', 'Industry / Manufacturing']"
Blood Rage: Hili – The Even-Handed,"['Fantasy', 'Miniatures', 'Mythology']"
Blood Rage: 5th Player Expansion,"['Expansion for Base-game', 'Fantasy', 'Miniatures', 'Mythology', 'Wargame']"
Blood Rage: Gods of Ásgard,"['Card Game', 'Expansion for Base-game', 'Mythology', 'Wargame']"
Blood Rage: Kickstarter Exclusives,"['Expansion for Base-game', 'Fantasy', 'Miniatures', 'Mythology', 'Wargame']"
Blood Rage: Mystics of Midgard,"['Card Game', 'Expansion for Base-game', 'Fantasy', 'Fighting', 'Miniatures']"
Kingdom Death: Monster – Abyssal Woods Expansion,"['Adventure', 'Expansion for Base-game', 'Fantasy', 'Horror', 'Mature / Adult', 'Miniatures']"
Kingdom Death: Monster – Ancient Root,"['Adventure', 'Expansion for Base-game', 'Fantasy', 'Fighting', 'Horror']"
Kingdom Death: Monster – Anonymous Survivor Promo,"['Adventure', 'Expansion for Base-game', 'Fan Expansion', 'Fantasy', 'Fighting']"
Kingdom Death: Monster – Black Knight Expansion,"['Adventure', 'Expansion for Base-game', 'Fantasy', 'Fighting', 'Horror']"
Kingdom Death: Monster – Campaigns of Death Expansion,"['Adventure', 'Expansion for Base-game', 'Fantasy', 'Fighting', 'Horror']"
Kingdom Death: Monster – Corsair Coat,"['Adventure', 'Expansion for Base-game', 'Fantasy', 'Fighting', 'Horror']"
Kingdom Death: Monster – Death Armor Expansion,"['Adventure', 'Expansion for Base-game', 'Fantasy', 'Fighting', 'Horror']"
Kingdom Death: Monster – False Messengers Promo,"['Adventure', 'Expansion for Base-game', 'Fantasy', 'Fighting', 'Horror']"
Kingdom Death: Monster – First Hero Expansion,"['Adventure', 'Expansion for Base-game', 'Fantasy', 'Fighting', 'Horror']"
Kingdom Death: Monster – Frogdog Expansion,"['Adventure', 'Expansion for Base-game', 'Fantasy', 'Fighting', 'Horror']"
Star Wars: Imperial Assault – Coruscant Back Alleys Skirmish Map,"['Expansion for Base-game', 'Miniatures', 'Movies / TV / Radio theme', 'Science Fiction']"
Star Wars: Imperial Assault – Endor Defense Station Skirmish Map,"['Expansion for Base-game', 'Miniatures', 'Movies / TV / Radio theme', 'Science Fiction']"
Star Wars: Imperial Assault – Ezra Bridger and Kanan Jarrus Ally Pack,"['Adventure', 'Expansion for Base-game', 'Fighting', 'Miniatures', 'Movies / TV / Radio theme']"
Star Wars: Imperial Assault – Hondo Ohnaka Villain Pack,"['Adventure', 'Expansion for Base-game', 'Fighting', 'Miniatures', 'Movies / TV / Radio theme']"
Star Wars: Imperial Assault – Sabine Wren and Zeb Orrelios Ally Pack,"['Adventure', 'Expansion for Base-game', 'Fighting', 'Miniatures', 'Movies / TV / Radio theme']"
Star Wars: Imperial Assault – Thrawn Villain Pack,"['Adventure', 'Expansion for Base-game', 'Fighting', 'Miniatures', 'Movies / TV / Radio theme']"
Star Wars: Imperial Assault – Tyrants of Lothal,"['Adventure', 'Expansion for Base-game', 'Fighting', 'Miniatures', 'Movies / TV / Radio theme']"
Star Wars: Imperial Assault – Ahsoka Tano Ally Pack,"['Expansion for Base-game', 'Miniatures', 'Movies / TV / Radio theme', 'Science Fiction']"
Star Wars: Imperial Assault – Alliance Rangers Ally Pack,"['Expansion for Base-game', 'Miniatures', 'Movies / TV / Radio theme', 'Science Fiction']"
Star Wars: Imperial Assault – BT-1 and 0-0-0 Villain Pack,"['Expansion for Base-game', 'Miniatures', 'Movies / TV / Radio theme', 'Science Fiction', 'Wargame']"
Power Grid: Fabled Expansion,"['Economic', 'Expansion for Base-game', 'Industry / Manufacturing']"
Brettspiel Adventskalender 2015,['Expansion for Base-game']
Power Grid: High-Voltage DC Transmission Passage C,"['Economic', 'Expansion for Base-game', 'Industry / Manufacturing']"
Power Grid: The Stock Companies,"['Economic', 'Expansion for Base-game', 'Industry / Manufacturing']"
Power Grid: Australia & Indian Subcontinent,"['Economic', 'Expansion for Base-game', 'Industry / Manufacturing']"
Power Grid: Taxes,"['Economic', 'Expansion for Base-game', 'Industry / Manufacturing']"
Power Grid: Northern Europe/United Kingdom & Ireland,"['Economic', 'Expansion for Base-game', 'Industry / Manufacturing']"
Power Grid: Oracle & Industrial Espionage,"['Economic', 'Expansion for Base-game', 'Industry / Manufacturing']"
Power Grid: Québec/Baden-Württemberg,"['Economic', 'Expansion for Base-game', 'Industry / Manufacturing']"
Funkenschlag: Speicherkraftwerk,"['Economic', 'Expansion for Base-game', 'Industry / Manufacturing']"
Through the Ages: Spanish Promo Card Set,"['Civilization', 'Expansion for Base-game']"
Cywilizacja: Poprzez wieki – Polski dodatek 2,"['Civilization', 'Expansion for Base-game']"
BGO Extended 2.0 expansion (fan expansion for Through the Ages),"['Civilization', 'Expansion for Base-game', 'Fan Expansion', 'Print & Play']"
Cywilizacja: Poprzez wieki – Polski dodatek 1,"['Civilization', 'Expansion for Base-game']"
Through the Ages: A Story of Civilization – Czech expansion,"['Civilization', 'Expansion for Base-game']"
Azul: Special Factories Promo,"['Abstract Strategy', 'Expansion for Base-game', 'Renaissance']"
Deutscher Spielepreis 2018 Goodie Box,['Expansion for Base-game']
Azul: Joker Tiles,"['Abstract Strategy', 'Expansion for Base-game', 'Puzzle']"
Tzolk'in: The Mayan Calendar – Mini Expansion 2,"['Ancient', 'Civilization', 'Economic', 'Expansion for Base-game', 'Farming', 'Mythology']"
Tzolk'in: The Mayan Calendar – Tribes & Prophecies,"['Ancient', 'Civilization', 'Economic', 'Expansion for Base-game', 'Farming', 'Mythology']"
Tzolk'in: The Mayan Calendar – Mini Expansion 1,"['Ancient', 'Civilization', 'Economic', 'Expansion for Base-game', 'Farming', 'Mythology']"
Eclipse:  Anticipation of the Elders,"['Civilization', 'Economic', 'Fighting', 'Science Fiction', 'Space Exploration', 'Wargame']"
Eclipse: Black Hole,"['Civilization', 'Expansion for Base-game', 'Science Fiction']"
Eclipse: Gift of the Elders,"['Civilization', 'Expansion for Base-game', 'Fighting', 'Print & Play', 'Science Fiction', 'Space Exploration']"
Eclipse: Shadow of the Rift,"['Civilization', 'Expansion for Base-game', 'Fighting', 'Space Exploration']"
Eclipse: Nebula,"['Expansion for Base-game', 'Science Fiction', 'Space Exploration']"
Eclipse: The Galactic North,"['Civilization', 'Fighting', 'Print & Play', 'Science Fiction', 'Space Exploration']"
Eclipse: Minions of the Solstice,"['Expansion for Base-game', 'Print & Play', 'Science Fiction']"
Eclipse: Ship Pack One,"['Civilization', 'Expansion for Base-game', 'Fighting', 'Miniatures', 'Science Fiction', 'Space Exploration']"
Eclipse: Pulsar,"['Expansion for Base-game', 'Science Fiction', 'Space Exploration']"
Eclipse: Rise of the Ancients,"['Civilization', 'Expansion for Base-game', 'Fighting', 'Science Fiction', 'Space Exploration']"
Le Havre: Le Grand Hameau – Tablet with App,"['Economic', 'Expansion for Base-game', 'Industry / Manufacturing']"
Le Havre: Le Grand Hameau,"['Economic', 'Expansion for Base-game', 'Industry / Manufacturing']"
Le Havre: Le Grand Hameau – Rattletrap car,"['Economic', 'Expansion for Base-game', 'Industry / Manufacturing']"
Le Havre: Le Grand Hameau – Wholesale Bakery,"['Economic', 'Expansion for Base-game', 'Industry / Manufacturing']"
Le Havre: Spielemesse Sonderkarte,"['Economic', 'Expansion for Base-game', 'Industry / Manufacturing']"
Le Havre Expansion: Essen Promo Cards,"['Economic', 'Expansion for Base-game', 'Industry / Manufacturing']"
Robinson Crusoe: Adventures on the Cursed Island – Mystery Tales,"['Adventure', 'Expansion for Base-game', 'Horror']"
Robinson Crusoe: Przygoda na przeklętej wyspie – Kafel Wulkanu,"['Adventure', 'Expansion for Base-game', 'Exploration', 'Fighting', 'Novel-based']"
Robinson Crusoe: Adventure in the Neverland Junior,"['Adventure', 'Expansion for Base-game', 'Exploration', 'Novel-based']"
"Robinson Crusoe: Adventures on the Cursed Island – ""Time Travel"" Scenario","['Adventure', 'Expansion for Base-game', 'Exploration', 'Novel-based']"
Robinson Crusoe: Adventures on the Cursed Island – Hunting Adventures,"['Adventure', 'Expansion for Base-game', 'Exploration', 'Fighting', 'Novel-based']"
Robinson Crusoe: Adventures on the Cursed Island – In-Store Event Kit,"['Adventure', 'Expansion for Base-game', 'Exploration', 'Fighting', 'Novel-based']"
Robinson Crusoe: Adventures on the Cursed Island – Mystery Cards I,"['Adventure', 'Expansion for Base-game', 'Exploration', 'Nautical', 'Novel-based']"
Robinson Crusoe: Adventures on the Cursed Island – Shelter Upgrades,"['Adventure', 'Expansion for Base-game', 'Exploration', 'Fighting', 'Novel-based']"
Robinson Crusoe: Adventures on the Cursed Island – Event Cards,"['Adventure', 'Expansion for Base-game', 'Exploration', 'Novel-based']"
Robinson Crusoe: Adventures on the Cursed Island – Herb Garden and Pen,"['Adventure', 'Expansion for Base-game', 'Exploration', 'Fighting', 'Novel-based']"
The Voyages of Marco Polo: The Secret Paths of Marco Polo,"['Dice', 'Economic', 'Expansion for Base-game', 'Medieval', 'Travel']"
The Voyages of Marco Polo: Agents of Venice,"['Dice', 'Economic', 'Expansion for Base-game', 'Medieval', 'Travel']"
The Voyages of Marco Polo: The New Characters,"['Economic', 'Expansion for Base-game', 'Medieval', 'Travel']"
Downfall (Fan expansion for Android: Netrunner),"['Bluffing', 'Card Game', 'Collectible Components', 'Expansion for Base-game', 'Fan Expansion', 'Science Fiction']"
Android: Netrunner – Council of the Crest,"['Bluffing', 'Card Game', 'Collectible Components', 'Expansion for Base-game', 'Science Fiction']"
Android: Netrunner – Down the White Nile,"['Card Game', 'Collectible Components', 'Expansion for Base-game']"
Android: Netrunner – Kampala Ascendent,"['Bluffing', 'Card Game', 'Collectible Components', 'Expansion for Base-game', 'Science Fiction']"
Android: Netrunner – Magnum Opus cards,"['Bluffing', 'Card Game', 'Collectible Components', 'Expansion for Base-game', 'Science Fiction']"
Android: Netrunner – Reign and Reverie,"['Bluffing', 'Card Game', 'Expansion for Base-game', 'Science Fiction']"
Android: Netrunner – The Devil and the Dragon,"['Bluffing', 'Card Game', 'Collectible Components', 'Expansion for Base-game', 'Science Fiction']"
Android: Netrunner – Whispers in Nalubaale,"['Bluffing', 'Card Game', 'Collectible Components', 'Expansion for Base-game', 'Science Fiction']"
Android: Netrunner – Blood and Water,"['Bluffing', 'Card Game', 'Collectible Components', 'Expansion for Base-game', 'Science Fiction']"
Android: Netrunner – Crimson Dust,"['Card Game', 'Collectible Components', 'Expansion for Base-game']"
7 Wonders: Armada,"['Ancient', 'Card Game', 'City Building', 'Civilization', 'Expansion for Base-game']"
7 Wonders: Babel,"['Ancient', 'Card Game', 'City Building', 'Civilization', 'Expansion for Base-game']"
Collection (fan expansion for 7 Wonders),"['Expansion for Base-game', 'Fan Expansion', 'Print & Play']"
7 Wonders: Wonder Pack,"['Ancient', 'Card Game', 'City Building', 'Civilization', 'Expansion for Base-game']"
Empires (fan expansion for 7 Wonders),"['Expansion for Base-game', 'Fan Expansion']"
Game Wonders (fan expansion for 7 Wonders),"['Ancient', 'Card Game', 'Civilization', 'Expansion for Base-game', 'Fan Expansion', 'Print & Play']"
7 Wonders: Cities,"['Ancient', 'Card Game', 'City Building', 'Civilization', 'Expansion for Base-game']"
Lost Wonders (fan expansion for 7 Wonders),"['Ancient', 'Card Game', 'Civilization', 'Expansion for Base-game', 'Fan Expansion', 'Print & Play']"
More Wonders... (fan expansion for 7 Wonders),"['Ancient', 'Card Game', 'Civilization', 'Expansion for Base-game', 'Fan Expansion', 'Print & Play']"
Myths (fan expansion for 7 Wonders),"['Ancient', 'Card Game', 'Civilization', 'Expansion for Base-game', 'Fan Expansion', 'Print & Play']"
Brettspiel Adventskalender 2018,['Expansion for Base-game']
Keyflower: Boat 7,"['City Building', 'Economic', 'Expansion for Base-game', 'Medieval', 'Nautical']"
Keyflower: Delivery Man,"['City Building', 'Economic', 'Expansion for Base-game', 'Nautical', 'Renaissance', 'Territory Building']"
Keyflower: Developer,"['City Building', 'Economic', 'Expansion for Base-game', 'Renaissance', 'Territory Building']"
Keyflower: Sorcerer,"['City Building', 'Economic', 'Expansion for Base-game', 'Fantasy', 'Medieval']"
Keyflower: Keymelequin,"['City Building', 'Economic', 'Expansion for Base-game', 'Nautical', 'Territory Building']"
Keyflower: Pig Shelter,"['City Building', 'Economic', 'Expansion for Base-game', 'Medieval']"
Keyflower: Beekeeper,"['City Building', 'Economic', 'Expansion for Base-game', 'Medieval']"
Keyflower: The Merchants,"['City Building', 'Economic', 'Expansion for Base-game', 'Renaissance']"
Keyflower: Trader,"['City Building', 'Economic', 'Expansion for Base-game', 'Medieval']"
Anachrony: Fractures of Time,"['Economic', 'Expansion for Base-game', 'Science Fiction']"
Anachrony: The Sentry Post,"['Economic', 'Expansion for Base-game', 'Science Fiction']"
Anachrony: Doomsday Enhancement Pack,"['Economic', 'Science Fiction']"
Anachrony: Exosuit Commander Pack,"['Economic', 'Expansion for Base-game', 'Science Fiction']"
Race for the Galaxy: Retrofit Cards,"['Card Game', 'Civilization', 'Economic', 'Expansion for Base-game', 'Science Fiction', 'Space Exploration']"
Race for the Galaxy: New Worlds Promo,"['Card Game', 'Civilization', 'Economic', 'Expansion for Base-game', 'Science Fiction', 'Space Exploration']"
Race for the Galaxy: Xeno Invasion,"['Card Game', 'Civilization', 'Economic', 'Expansion for Base-game', 'Science Fiction', 'Space Exploration']"
Patronage (fan expansion to Race for the Galaxy),"['Card Game', 'Expansion for Base-game', 'Fan Expansion', 'Print & Play']"
Race for the Galaxy: Alien Artifacts,"['Card Game', 'Civilization', 'Economic', 'Expansion for Base-game', 'Science Fiction', 'Space Exploration']"
Race for the Galaxy: The Brink of War,"['Card Game', 'Civilization', 'Economic', 'Expansion for Base-game', 'Science Fiction', 'Space Exploration']"
Race for the Galaxy: Rebel vs Imperium,"['Card Game', 'Civilization', 'Economic', 'Expansion for Base-game', 'Science Fiction', 'Space Exploration']"
Race for the Galaxy: The Gathering Storm,"['Card Game', 'Civilization', 'Economic', 'Expansion for Base-game', 'Science Fiction', 'Space Exploration']"
Caylus Expansion: The Jeweller,"['City Building', 'Economic', 'Expansion for Base-game', 'Medieval']"
Fields of Arle: New Travel Destination – Aachen,"['Economic', 'Expansion for Base-game', 'Farming', 'Industry / Manufacturing']"
Fields of Arle: New Travel Destination – Bad Wörishofen,"['Economic', 'Expansion for Base-game', 'Farming', 'Industry / Manufacturing']"
Fields of Arle: New Travel Destination – Baden,"['Economic', 'Expansion for Base-game', 'Farming', 'Industry / Manufacturing']"
Fields of Arle: New Travel Destination – Baltrum,"['Economic', 'Expansion for Base-game', 'Farming', 'Industry / Manufacturing']"
Fields of Arle: New Travel Destination – Kaiserslautern,"['Economic', 'Expansion for Base-game', 'Farming', 'Industry / Manufacturing']"
Fields of Arle: New Travel Destination – Würzburg,"['Economic', 'Expansion for Base-game', 'Farming', 'Industry / Manufacturing']"
Fields of Arle: New Travel Destination – Zürich,"['Economic', 'Expansion for Base-game', 'Farming', 'Industry / Manufacturing']"
Fields of Arle: New Travel Destination – Ahrweiler,"['Economic', 'Expansion for Base-game', 'Farming', 'Industry / Manufacturing']"
Fields of Arle: New Travel Destination – Arle,"['Economic', 'Expansion for Base-game', 'Farming', 'Industry / Manufacturing']"
Fields of Arle: New Travel Destination – Basel,"['Economic', 'Expansion for Base-game', 'Farming', 'Industry / Manufacturing']"
Lords of Waterdeep: Rapid Expansion Promo Card,['Expansion for Base-game']
Lords of Waterdeep: Scoundrels of Skullport,"['City Building', 'Expansion for Base-game', 'Fantasy']"
Lords of Waterdeep: Inevitable Betrayal Promo Card,"['City Building', 'Expansion for Base-game', 'Fantasy']"
Root: The Exiles and Partisans Deck,"['Animals', 'Expansion for Base-game', 'Wargame']"
Root: The Underworld Expansion,"['Animals', 'Expansion for Base-game', 'Fantasy', 'Wargame']"
Root: The Riverfolk Expansion,"['Animals', 'Expansion for Base-game', 'Fantasy', 'Wargame']"
Rising Sun: Stronghold Pack,['Expansion for Base-game']
Raging Sun (fan expansion to Rising Sun),"['Bluffing', 'Expansion for Base-game', 'Fan Expansion', 'Fantasy', 'Miniatures']"
Rising Sun: Daimyo Box,"['Bluffing', 'Expansion for Base-game', 'Fantasy', 'Miniatures', 'Mythology']"
Rising Sun: Dynasty Invasion,"['Bluffing', 'Expansion for Base-game', 'Fantasy', 'Miniatures', 'Mythology']"
Rising Sun: Kami Unbound,"['Bluffing', 'Expansion for Base-game', 'Fantasy', 'Miniatures', 'Mythology']"
Rising Sun: Monster Pack,"['Bluffing', 'Expansion for Base-game', 'Fantasy', 'Miniatures', 'Mythology']"
Twilight Imperium (Third Edition): Shards of the Throne,"['Civilization', 'Expansion for Base-game', 'Negotiation', 'Political', 'Science Fiction']"
Twilight Imperium (Third Edition): Shattered Empire,"['Civilization', 'Expansion for Base-game', 'Negotiation', 'Political', 'Science Fiction']"
Five Tribes: Galbells,"['Arabian', 'Expansion for Base-game', 'Fantasy', 'Mythology']"
Five Tribes: Whims of the Sultan,['Expansion for Base-game']
Five Tribes: The Thieves of Naqala,"['Arabian', 'Expansion for Base-game', 'Fantasy']"
Five Tribes: The Artisans of Naqala,"['Arabian', 'Expansion for Base-game', 'Fantasy', 'Mythology']"
Five Tribes: Wilwit,"['Arabian', 'Expansion for Base-game', 'Mythology']"
Five Tribes: Dhenim,"['Arabian', 'Expansion for Base-game', 'Mythology']"
Eldritch Horror: Masks of Nyarlathotep,"['Adventure', 'Expansion for Base-game', 'Fantasy', 'Fighting', 'Horror', 'Novel-based']"
Eldritch Horror: Cities in Ruin,"['Adventure', 'Expansion for Base-game', 'Fantasy', 'Fighting', 'Horror', 'Novel-based']"
Eldritch Horror: The Dreamlands,"['Adventure', 'Expansion for Base-game', 'Fantasy', 'Fighting', 'Horror', 'Novel-based']"
Eldritch Horror: Signs of Carcosa,"['Adventure', 'Expansion for Base-game', 'Fantasy', 'Fighting', 'Horror', 'Novel-based']"
Eldritch Horror: Strange Remnants,"['Adventure', 'Expansion for Base-game', 'Fantasy', 'Fighting', 'Horror', 'Novel-based']"
Eldritch Horror: Under the Pyramids,"['Adventure', 'Expansion for Base-game', 'Fantasy', 'Fighting', 'Horror']"
Eldritch Horror: Forsaken Lore,"['Adventure', 'Expansion for Base-game', 'Fantasy', 'Fighting', 'Horror']"
Eldritch Horror: Mountains of Madness,"['Adventure', 'Expansion for Base-game', 'Fantasy', 'Fighting', 'Horror', 'Novel-based']"
The El Grande Expansions,"['Expansion for Base-game', 'Political', 'Renaissance']"
El Grande: Grandissimo,"['Expansion for Base-game', 'Political', 'Renaissance', 'Territory Building']"
El Grande: König & Intrigant – Player's Edition,"['Expansion for Base-game', 'Political', 'Renaissance']"
El Grande: Grossinquisitor und Kolonien,"['Expansion for Base-game', 'Political', 'Renaissance']"
El Grande: König & Intrigant,"['Expansion for Base-game', 'Political', 'Renaissance']"
El Grande: König & Intrigant – Unverkäufliche Sonderkarten,"['Expansion for Base-game', 'Political', 'Renaissance']"
Brettspiel Adventskalender 2018,['Expansion for Base-game']
Codenames: Bonuskaarten 2018,"['Card Game', 'Deduction', 'Expansion for Base-game', 'Party Game', 'Spies/Secret Agents', 'Word Game']"
Codenames: Cartes promo – Univers Geek,"['Card Game', 'Deduction', 'Expansion for Base-game', 'Party Game', 'Spies/Secret Agents', 'Word Game']"
Tajniacy: Obcy Agenci,"['Card Game', 'Deduction', 'Expansion for Base-game', 'Party Game', 'Spies/Secret Agents', 'Word Game']"
Codenames: Bonus Pack – Board Gaming (English),"['Deduction', 'Expansion for Base-game', 'Party Game', 'Word Game']"
Fedőnevek: Magyar bónusz csomag,"['Card Game', 'Deduction', 'Party Game', 'Spies/Secret Agents', 'Word Game']"
Tajniacy: Nowi Agenci,"['Deduction', 'Party Game', 'Word Game']"
Tajniacy: Sami Nieswoi,"['Deduction', 'Expansion for Base-game', 'Party Game', 'Word Game']"
Codenames: Authors & Games,"['Deduction', 'Expansion for Base-game', 'Party Game', 'Spies/Secret Agents', 'Word Game']"
Codenames: Bonus Pack – Board Gaming (German),"['Card Game', 'Deduction', 'Party Game', 'Spies/Secret Agents', 'Word Game']"
Clank! Legacy: Acquisitions Incorporated – Upper Management Pack,"['Expansion for Base-game', 'Fantasy']"
Clank! Expeditions: Gold and Silk,"['Adventure', 'Expansion for Base-game', 'Fantasy']"
Clank!: Expedition Leader,"['Adventure', 'Expansion for Base-game', 'Fantasy']"
Clank!: The Mummy's Curse,"['Adventure', 'Expansion for Base-game', 'Fantasy']"
Clank!: Wand of Time,"['Adventure', 'Expansion for Base-game', 'Fantasy']"
Brettspiel Adventskalender 2017,['Expansion for Base-game']
Clank!: Brawn vs. Boots,"['Expansion for Base-game', 'Fantasy']"
Clank!: Enchanted Dice,"['Adventure', 'Expansion for Base-game', 'Fantasy']"
Clank!: Friendly Watcher,"['Expansion for Base-game', 'Fantasy']"
Clank!: Magic Spectacles,"['Card Game', 'Expansion for Base-game', 'Fantasy', 'Medieval']"
Dominion: Renaissance,"['Card Game', 'Expansion for Base-game', 'Medieval']"
Dominion: Dismantle Promo Card,"['Card Game', 'Expansion for Base-game', 'Medieval']"
Dominion: Erweiterung – Basisspiel & Die Intrige,"['Card Game', 'Expansion for Base-game', 'Medieval']"
Dominion: Nocturne,"['Card Game', 'Expansion for Base-game', 'Medieval']"
Pirate's Life (Fan Expansion to Dominion),"['Card Game', 'Expansion for Base-game', 'Fan Expansion', 'Medieval']"
Dominion: Empires,"['Card Game', 'Expansion for Base-game', 'Medieval']"
Dominion: Höflinge Promo Card,"['Card Game', 'Expansion for Base-game', 'Medieval']"
Dominion: Intrigue Update Pack,['Expansion for Base-game']
Dominion: Sauna / Avanto Promo Card,"['Card Game', 'Medieval']"
Dominion: Adventures,"['Card Game', 'Expansion for Base-game', 'Medieval']"
Patchwork: Automa,"['Abstract Strategy', 'Expansion for Base-game', 'Puzzle']"
Patchwork: 5x5 Bonuskarte,"['Abstract Strategy', 'Expansion for Base-game', 'Puzzle']"
Special Buttons (fan-expansion for Patchwork),"['Abstract Strategy', 'Fan Expansion', 'Puzzle']"
The Gallerist: Scoring Expansion,"['Economic', 'Expansion for Base-game']"
The Gallerist: KS Stretch Goal Pack #2,"['Economic', 'Expansion for Base-game']"
Deutscher Spielepreis 2016 Goodie Box,['Expansion for Base-game']
Mombasa: Cooked Books Mini Expansion,"['Economic', 'Expansion for Base-game']"
Mombasa: E1/E2 Company Track,"['Expansion for Base-game', 'Territory Building']"
Battlestar Galactica: The Board Game – Daybreak Expansion,"['Bluffing', 'Deduction', 'Expansion for Base-game', 'Movies / TV / Radio theme', 'Political']"
Battlestar Galactica: The Board Game – Exodus Expansion,"['Bluffing', 'Deduction', 'Expansion for Base-game', 'Movies / TV / Radio theme', 'Political']"
Battlestar Galactica: The Board Game – Pegasus Expansion,"['Bluffing', 'Deduction', 'Expansion for Base-game', 'Movies / TV / Radio theme', 'Political']"
Battlestar Galactica: Official Variant Rules,"['Bluffing', 'Deduction', 'Expansion for Base-game', 'Movies / TV / Radio theme', 'Negotiation']"
Roll for the Galaxy: Rivalry,"['Civilization', 'Dice', 'Economic', 'Expansion for Base-game', 'Science Fiction', 'Space Exploration']"
Roll for the Galaxy: Bountiful Gaming Grid Promo Tile,"['Civilization', 'Dice', 'Economic', 'Expansion for Base-game', 'Science Fiction', 'Space Exploration']"
Roll for the Galaxy: Terraforming Colony/Diversified Economy Promo Tile,"['Civilization', 'Dice', 'Economic', 'Expansion for Base-game', 'Science Fiction', 'Space Exploration']"
Roll for the Galaxy: Ambition,"['Civilization', 'Dice', 'Economic', 'Expansion for Base-game', 'Science Fiction', 'Space Exploration']"
Troyes: The Ladies of Troyes,"['Dice', 'Expansion for Base-game', 'Medieval']"
Troyes: Bonus Cards,"['Dice', 'Expansion for Base-game', 'Medieval']"
Sherlock Holmes Consulting Detective: Murder Behind Closed Doors,"['Deduction', 'Murder/Mystery', 'Novel-based']"
Sherlock Holmes Détective Conseil: L'Homme Sans Visage,"['Deduction', 'Expansion for Base-game', 'Murder/Mystery', 'Novel-based']"
Sherlock Holmes Détective Conseil: Les Masques Africains,"['Deduction', 'Expansion for Base-game', 'Murder/Mystery', 'Novel-based']"
L'affaire Diavolo (Fan expansion for Sherlock Holmes Détective Conseil),"['Deduction', 'Fan Expansion', 'Murder/Mystery', 'Novel-based']"
Sherlock Holmes Consulente Investigativo: Il Mistero dell'Impiccato,"['Deduction', 'Murder/Mystery', 'Novel-based']"
Sherlock Holmes Détective Conseil: La Piste Tordue,"['Deduction', 'Expansion for Base-game', 'Murder/Mystery', 'Novel-based']"
Sherlock Holmes Détective Conseil: La rançon du diable,"['Deduction', 'Expansion for Base-game', 'Murder/Mystery', 'Novel-based']"
Sherlock Holmes Détective Conseil: Octobre 1891,"['Deduction', 'Expansion for Base-game', 'Murder/Mystery', 'Novel-based']"
Sherlock Holmes Détective Conseil: Oliver Stone,"['Deduction', 'Expansion for Base-game', 'Murder/Mystery', 'Novel-based']"
Sherlock Holmes Consulting Detective: Adventures by Gaslight,"['Deduction', 'Expansion for Base-game', 'Murder/Mystery', 'Novel-based']"
Antic (fan expansion for T.I.M.E Stories),"['Expansion for Base-game', 'Exploration', 'Fan Expansion', 'Print & Play', 'Puzzle']"
T.I.M.E Stories: Madame,"['Adventure', 'Expansion for Base-game', 'Fantasy', 'Puzzle', 'Renaissance']"
T.I.M.E. Stories Revolution: The Hadal Project,"['Adventure', 'Expansion for Base-game', 'Exploration', 'Fan Expansion', 'Print & Play', 'Science Fiction']"
La Cavale des Daltons (fan expansion for T.I.M.E Stories),"['Expansion for Base-game', 'Exploration', 'Fan Expansion']"
City of Souls (fan expansion for T.I.M.E Stories),"['Expansion for Base-game', 'Exploration', 'Fan Expansion', 'Print & Play', 'Puzzle']"
Dilemma (fan expansion for T.I.M.E Stories),"['Expansion for Base-game', 'Exploration', 'Fan Expansion', 'Print & Play', 'Puzzle']"
Dreamland (fan expansion for T.I.M.E Stories),"['Expansion for Base-game', 'Exploration', 'Fan Expansion', 'Print & Play', 'Puzzle']"
Geologists (fan expansion for T.I.M.E Stories),"['Expansion for Base-game', 'Exploration', 'Fan Expansion', 'Print & Play', 'Puzzle']"
Hora fugit facta manent (fan expansion for T.I.M.E. Stories),"['Adventure', 'Expansion for Base-game', 'Fan Expansion', 'Puzzle', 'Science Fiction']"
La manufacture Lilienfeld (fan expansion for T.I.M.E Stories),"['Adventure', 'Expansion for Base-game', 'Fan Expansion', 'Science Fiction', 'World War I']"
Russian Railroads: Juri Dreigleisky,"['Expansion for Base-game', 'Industry / Manufacturing', 'Trains']"
Russian Railroads: American Railroads,"['Expansion for Base-game', 'Industry / Manufacturing', 'Trains']"
Russian Railroads: German Railroads,"['Expansion for Base-game', 'Industry / Manufacturing', 'Trains']"
Russian Railroads: Mini-Expansion,"['Expansion for Base-game', 'Industry / Manufacturing', 'Trains']"
Euphrat & Tigris: Die Zikkurat,"['Ancient', 'Civilization', 'Expansion for Base-game', 'Territory Building']"
Star Wars: X-Wing Miniatures Game – Saw's Renegades Expansion Pack,"['Aviation / Flight', 'Bluffing', 'Collectible Components', 'Expansion for Base-game', 'Miniatures']"
Star Wars: X-Wing Miniatures Game – TIE Reaper Expansion Pack,"['Aviation / Flight', 'Bluffing', 'Collectible Components', 'Expansion for Base-game', 'Miniatures']"
Star Wars: X-Wing Miniatures Game – Alpha-Class Star Wing Expansion Pack,['Expansion for Base-game']
Star Wars: X-Wing Miniatures Game – Auzituck Gunship Expansion Pack,"['Aviation / Flight', 'Bluffing', 'Collectible Components', 'Expansion for Base-game', 'Miniatures']"
Star Wars: X-Wing Miniatures Game – C-ROC Cruiser Expansion Pack,"['Collectible Components', 'Expansion for Base-game', 'Miniatures', 'Movies / TV / Radio theme', 'Science Fiction']"
Star Wars: X-Wing Miniatures Game – Guns for Hire Expansion Pack,"['Aviation / Flight', 'Bluffing', 'Collectible Components', 'Expansion for Base-game', 'Miniatures']"
Star Wars: X-Wing Miniatures Game – M12-L Kimogila Fighter Expansion Pack,['Expansion for Base-game']
Star Wars: X-Wing Miniatures Game – Phantom II Expansion Pack,['Expansion for Base-game']
Star Wars: X-Wing Miniatures Game – Resistance Bomber Expansion Pack,"['Aviation / Flight', 'Bluffing', 'Collectible Components', 'Expansion for Base-game', 'Miniatures']"
Star Wars: X-Wing Miniatures Game – Scurrg H-6 Bomber Expansion Pack,"['Aviation / Flight', 'Bluffing', 'Collectible Components', 'Expansion for Base-game', 'Miniatures']"
Pandemic: Gen Con 2016 Promos – Z-Force Team Member/Game Convention,"['Expansion for Base-game', 'Medical']"
Pandemic: Survival Promos – Crisis Mitigator/Relocation Specialist,"['Expansion for Base-game', 'Medical']"
Pandemic: Promo Roles,['Medical']
Pandemic: State of Emergency,"['Environmental', 'Expansion for Base-game', 'Medical']"
Pandemic: In the Lab,"['Environmental', 'Expansion for Base-game', 'Medical', 'Science Fiction']"
Pandemic: On the Brink,"['Environmental', 'Expansion for Base-game', 'Medical', 'Science Fiction']"
"Pandemie: Uitbreiding ""De Generalist""","['Expansion for Base-game', 'Medical', 'Science Fiction']"
Dominion: Renaissance,"['Card Game', 'Expansion for Base-game', 'Medieval']"
Dominion: Dismantle Promo Card,"['Card Game', 'Expansion for Base-game', 'Medieval']"
Dominion: Erweiterung – Basisspiel & Die Intrige,"['Card Game', 'Expansion for Base-game', 'Medieval']"
Dominion: Nocturne,"['Card Game', 'Expansion for Base-game', 'Medieval']"
Pirate's Life (Fan Expansion to Dominion),"['Card Game', 'Expansion for Base-game', 'Fan Expansion', 'Medieval']"
Animals expansion (mini fan expansion for Dominion),"['Fan Expansion', 'Medieval']"
Dominion: Empires,"['Card Game', 'Expansion for Base-game', 'Medieval']"
Dominion: Höflinge Promo Card,"['Card Game', 'Expansion for Base-game', 'Medieval']"
Dominion: Intrigue (Second Edition),"['Card Game', 'Expansion for Base-game', 'Medieval']"
Dominion: Intrigue Update Pack,['Expansion for Base-game']
Dead of Winter: Giggles,"['Dice', 'Expansion for Base-game', 'Zombies']"
Dead of Winter: A Crossroads Game – BGG Crossroads Promo,"['Adventure', 'Bluffing', 'Expansion for Base-game', 'Horror', 'Zombies']"
Dead of Winter: KD James,"['Dice', 'Expansion for Base-game', 'Zombies']"
Dead of Winter: Meryl Wolfe,"['Dice', 'Expansion for Base-game', 'Zombies']"
Dead of Winter: Ruckus Burley,"['Dice', 'Expansion for Base-game', 'Zombies']"
Dead of Winter: Warring Colonies,"['Bluffing', 'Expansion for Base-game', 'Horror', 'Zombies']"
Dead of Winter: Rich Sommer,"['Dice', 'Expansion for Base-game', 'Zombies']"
Dead of Winter: Rodney Smith,"['Dice', 'Expansion for Base-game', 'Zombies']"
Dead of Winter: Andrea Smith,"['Expansion for Base-game', 'Zombies']"
Dead of Winter: Dice Tower Crossroads Promo,[]
Kemet: Seth,"['Ancient', 'Expansion for Base-game', 'Fantasy', 'Fighting', 'Miniatures']"
Kemet: Dice Tower Promo 2016,"['Ancient', 'Expansion for Base-game', 'Fighting', 'Miniatures', 'Mythology']"
Kemet: New Power Tiles,"['Ancient', 'Expansion for Base-game', 'Fighting', 'Miniatures', 'Mythology']"
Kemet: Skills and Black Power Tile For Ta-Seti,"['Ancient', 'Expansion for Base-game', 'Fighting', 'Miniatures', 'Mythology']"
Kemet: Ta-Seti,['Expansion for Base-game']
C3K: Creatures Crossover Cyclades/Kemet,"['Ancient', 'Civilization', 'Expansion for Base-game', 'Fighting', 'Miniatures', 'Mythology']"
Agricola: Corbarius Deck,"['Animals', 'Expansion for Base-game', 'Farming']"
Agricola: Bubulcus Deck,"['Expansion for Base-game', 'Farming']"
Agricola: Changelings,"['Animals', 'Economic', 'Expansion for Base-game', 'Farming']"
Agricola: Farmers of the Moor,"['Animals', 'Economic', 'Expansion for Base-game', 'Farming']"
Agricola Game Expansion: Blue,"['Animals', 'Economic', 'Expansion for Base-game', 'Farming']"
Agricola Game Expansion: Green,"['Animals', 'Economic', 'Expansion for Base-game', 'Farming']"
Agricola Game Expansion: Purple,"['Animals', 'Economic', 'Expansion for Base-game', 'Farming']"
Agricola Game Expansion: Red,"['Animals', 'Economic', 'Expansion for Base-game', 'Farming']"
Agricola Game Expansion: White,"['Animals', 'Economic', 'Expansion for Base-game', 'Farming']"
Agricola Game Expansion: Yellow,"['Animals', 'Economic', 'Expansion for Base-game', 'Farming']"
Descent: Journeys in the Dark (Second Edition) – Lost Legends Expansion Pack,"['Adventure', 'Expansion for Base-game', 'Exploration', 'Fantasy', 'Fighting', 'Miniatures']"
Descent: Journeys in the Dark (Second Edition) – Road to Legend,"['Adventure', 'Electronic', 'Expansion for Base-game', 'Exploration', 'Fantasy']"
Descent: Journeys in the Dark (Second Edition) – Shards of Everdark,"['Adventure', 'Dice', 'Expansion for Base-game', 'Exploration', 'Fantasy']"
Descent: Journeys in the Dark (Second Edition) – Stewards of the Secret,"['Adventure', 'Dice', 'Expansion for Base-game', 'Fantasy', 'Fighting', 'Miniatures']"
Descent: Journeys in the Dark (Second Edition) – The Chains That Rust,"['Adventure', 'Dice', 'Expansion for Base-game', 'Exploration', 'Fantasy']"
Descent: Journeys in the Dark (Second Edition) – Ardus Ix'Erebus Lieutenant Pack,"['Adventure', 'Dice', 'Expansion for Base-game', 'Fantasy', 'Fighting', 'Miniatures']"
Descent: Journeys in the Dark (Second Edition) – Bonds of the Wild,"['Adventure', 'Dice', 'Exploration', 'Fantasy', 'Fighting', 'Miniatures']"
Descent: Journeys in the Dark (Second Edition) – Dark Elements,"['Adventure', 'Dice', 'Expansion for Base-game', 'Exploration', 'Fantasy', 'Fighting']"
Descent: Journeys in the Dark (Second Edition) – Heirs of Blood,"['Adventure', 'Book', 'Dice', 'Expansion for Base-game', 'Exploration']"
Descent: Journeys in the Dark (Second Edition) – Kyndrithul Lieutenant Pack,"['Adventure', 'Dice', 'Expansion for Base-game', 'Exploration', 'Fantasy']"
Stone Age: The Mammoth Herd,['Expansion for Base-game']
Stadt Land Spielt Limitierte Sonderdrucke 2013,['Expansion for Base-game']
Stone Age: Casino,"['Expansion for Base-game', 'Prehistoric']"
Schmuck und Handel (fan expansion for Stone Age),"['Expansion for Base-game', 'Fan Expansion', 'Prehistoric']"
Stone Age: The Expansion,"['Expansion for Base-game', 'Prehistoric']"
Stone Age: The New Huts,"['Expansion for Base-game', 'Prehistoric']"
Garphill Games 5-Year Anniversary Promo Pack,"['Expansion for Base-game', 'Medieval', 'Nautical']"
Raiders of the North Sea: Garphill Games 5-Year Anniversary Promos,"['Expansion for Base-game', 'Medieval', 'Nautical']"
Raiders of the North Sea: Ceedee Promo Card,"['Expansion for Base-game', 'Medieval', 'Nautical']"
Raiders of the North Sea: Fields of Fame,"['Expansion for Base-game', 'Medieval', 'Nautical']"
Raiders of the North Sea: Hall of Heroes,"['Expansion for Base-game', 'Medieval', 'Nautical']"
Raiders of the North Sea: Jarl Promo,"['Expansion for Base-game', 'Medieval', 'Nautical']"
Raiders of the North Sea: Outsiders,"['Expansion for Base-game', 'Medieval', 'Nautical']"
Raiders of the North Sea: Solo Variant,"['Expansion for Base-game', 'Medieval', 'Nautical']"
Raiders of the North Sea: The Meeple Men Promo Card,"['Expansion for Base-game', 'Medieval', 'Nautical']"
Raiders of the North Sea: The Mico Promo,"['Expansion for Base-game', 'Medieval']"
Alchemists: The King's Golem,"['Deduction', 'Expansion for Base-game', 'Fantasy']"
Alchemists: Publisher,"['Deduction', 'Expansion for Base-game', 'Fantasy']"
Alchemists: Ring of Favor,"['Deduction', 'Expansion for Base-game', 'Fantasy']"
Aeon's End: Buried Secrets,"['Card Game', 'Expansion for Base-game', 'Fantasy']"
Aeon's End: Echo Stone and Splinter Missile Promo,"['Card Game', 'Fantasy', 'Science Fiction']"
Aeon's End: The Ancients,"['Card Game', 'Expansion for Base-game', 'Fantasy', 'Science Fiction']"
Aeon's End: Thieving Spirit,"['Card Game', 'Expansion for Base-game', 'Fantasy', 'Science Fiction']"
Aeon's End: Tabletop Day 2017 Promos – Drown in Flames / Glyph Enigma,"['Expansion for Base-game', 'Fantasy', 'Science Fiction']"
Aeon's End: The Nameless,"['Fantasy', 'Science Fiction']"
Aeon's End: The Outer Dark,"['Card Game', 'Expansion for Base-game', 'Fantasy']"
Aeon's End: The Void,"['Expansion for Base-game', 'Fantasy', 'Science Fiction']"
Aeon's End: War Eternal – Promo Pack,"['Card Game', 'Expansion for Base-game', 'Fantasy', 'Science Fiction']"
Aeon's End: Fleeting Vision Promo,"['Card Game', 'Expansion for Base-game', 'Fantasy', 'Science Fiction']"
Yokohama: Achievements & Free Agents Promo,['Expansion for Base-game']
Star Realms: Command Deck – Lost Fleet,"['Card Game', 'Expansion for Base-game', 'Science Fiction']"
Star Realms: Command Deck – The Alignment,"['Card Game', 'Expansion for Base-game', 'Science Fiction']"
Star Realms: Command Deck – The Alliance,"['Card Game', 'Expansion for Base-game', 'Science Fiction']"
Star Realms: Command Deck – The Coalition,"['Card Game', 'Expansion for Base-game', 'Science Fiction']"
Star Realms: Command Deck – The Pact,"['Card Game', 'Expansion for Base-game', 'Science Fiction']"
Star Realms: Command Deck – The Union,"['Card Game', 'Expansion for Base-game', 'Science Fiction']"
Star Realms: Command Deck – The Unity,"['Card Game', 'Expansion for Base-game', 'Science Fiction']"
Star Realms: Frontiers – Kickstarter Promos,"['Card Game', 'Expansion for Base-game', 'Fighting', 'Science Fiction']"
Star Realms: Merc Destroyer Promo Card,"['Card Game', 'Expansion for Base-game', 'Fighting', 'Science Fiction']"
Star Realms: Merc Tower Promo Card,"['Card Game', 'Expansion for Base-game', 'Fighting', 'Science Fiction']"
War of the Ring: Scenario – The Breaking of the Fellowship,"['Adventure', 'Dice', 'Fantasy', 'Miniatures', 'Novel-based']"
War of the Ring: Battles of the Third Age,"['Adventure', 'Expansion for Base-game', 'Fantasy', 'Miniatures', 'Novel-based']"
Legendary Encounters: An Alien Deck Building Game Expansion,"['Card Game', 'Expansion for Base-game', 'Horror', 'Movies / TV / Radio theme', 'Science Fiction']"
Legendary Encounters: ALIEN Conversion Kit,['Card Game']
Champions of Midgard: Asian Monsters,"['Adventure', 'Dice', 'Expansion for Base-game', 'Fantasy', 'Fighting']"
Champions of Midgard: Bjorn Hammerblow the Fantastic promo,"['Adventure', 'Dice', 'Expansion for Base-game', 'Fantasy', 'Fighting']"
Champions of Midgard: Gullinkambi Public Boat Promo,"['Adventure', 'Dice', 'Expansion for Base-game', 'Fantasy', 'Fighting']"
Champions of Midgard: Meeple Monster Promo Card,"['Adventure', 'Dice', 'Expansion for Base-game', 'Fantasy', 'Fighting']"
Champions of Midgard: Mercenaries Land Journey Promo Card,"['Adventure', 'Dice', 'Expansion for Base-game', 'Fantasy', 'Fighting']"
Champions of Midgard: Merchant Ship Promo Cards,"['Adventure', 'Dice', 'Expansion for Base-game', 'Fantasy', 'Fighting']"
Champions of Midgard: Shipwreck Journey Promo Cards,"['Adventure', 'Dice', 'Expansion for Base-game', 'Fantasy', 'Fighting']"
Champions of Midgard: Draudan and Bergrisar King Promo Cards,"['Adventure', 'Dice', 'Expansion for Base-game', 'Fantasy', 'Fighting']"
Champions of Midgard: Jarl Edition,"['Adventure', 'Expansion for Base-game', 'Mythology']"
Champions of Midgard: The Dark Mountains,"['Adventure', 'Dice', 'Expansion for Base-game', 'Fantasy', 'Fighting']"
Castles of Mad King Ludwig: Secrets,"['Expansion for Base-game', 'Post-Napoleonic', 'Puzzle']"
Zamki szalonego króla Ludwika: Polskie zamki,['Expansion for Base-game']
Camel Up: The Referee Camel & Istanbul – Caravan Leader Mini Expansion,"['Animals', 'Expansion for Base-game', 'Racing']"
Brettspiel Adventskalender 2016,['Expansion for Base-game']
Istanbul: Caravan Leader Mini Expansion,['Expansion for Base-game']
Istanbul: Letters & Seals,"['Economic', 'Expansion for Base-game']"
Istanbul: Pegasus Depot Mini Expansion,"['Economic', 'Expansion for Base-game']"
Istanbul: Mocha & Baksheesh,"['Arabian', 'Economic', 'Expansion for Base-game']"
Istanbul: Kebab Shop Mini Expansion,['Expansion for Base-game']
A Game of Thrones: The Board Game (Second Edition) – Mother of Dragons,"['Bluffing', 'Expansion for Base-game', 'Fantasy', 'Negotiation', 'Novel-based']"
A Game of Thrones: The Board Game (Second Edition) – A Feast for Crows,"['Expansion for Base-game', 'Fantasy']"
A Game of Thrones: The Board Game (Second Edition) – A Dance with Dragons,"['Expansion for Base-game', 'Fantasy']"
The Resistance: Avalon Promos,"['Bluffing', 'Card Game', 'Deduction', 'Expansion for Base-game', 'Fantasy']"
Santorini: Asteria,"['Abstract Strategy', 'Ancient', 'Expansion for Base-game', 'Mythology']"
Santorini: Hippolyta,"['Abstract Strategy', 'Ancient', 'Expansion for Base-game', 'Mythology']"
Santorini: Hydra,"['Abstract Strategy', 'Ancient', 'Expansion for Base-game', 'Mythology']"
Santorini: Iris,"['Abstract Strategy', 'Ancient', 'Expansion for Base-game', 'Mythology']"
Santorini: Nyx,"['Abstract Strategy', 'Ancient', 'Expansion for Base-game', 'Mythology']"
Santorini: Pegasus,"['Abstract Strategy', 'Ancient', 'Expansion for Base-game', 'Mythology']"
Santorini: Promo Pack,"['Abstract Strategy', 'Ancient', 'Expansion for Base-game', 'Mythology']"
Santorini: Castor & Pollux,"['Expansion for Base-game', 'Mythology']"
Santorini: Eris,"['Abstract Strategy', 'Ancient', 'Expansion for Base-game', 'Mythology']"
Santorini: Golden Fleece,"['Abstract Strategy', 'Ancient', 'Expansion for Base-game', 'Mythology']"
Grand Austria Hotel: Herr Moras,"['Economic', 'Expansion for Base-game']"
Grand Austria Hotel: Mag. Ferdinand,"['Economic', 'Expansion for Base-game']"
Architects of the West Kingdom: Garphill Games 5-Year Anniversary Promos,"['City Building', 'Expansion for Base-game', 'Medieval']"
Architects of the West Kingdom: Paladins Apprentices,"['City Building', 'Expansion for Base-game', 'Medieval']"
Garphill Games 5-Year Anniversary Promo Pack,"['Expansion for Base-game', 'Medieval', 'Nautical']"
Architects of the West Kingdom: Extra Apprentices,"['City Building', 'Expansion for Base-game', 'Medieval']"
Architects of the West Kingdom: Extra Buildings,"['City Building', 'Expansion for Base-game', 'Medieval']"
Architects of the West Kingdom: Extra Player Boards,"['City Building', 'Expansion for Base-game', 'Medieval']"
