Igra,Dodatki
Gloomhaven,"['Gloomhaven: Forgotten Circles', 'Gloomhaven: Solo Scenarios', 'Gloomhaven: The End of the World (Promo Scenario)']"
Pandemic Legacy: Season 1,[]
Through the Ages: A New Story of Civilization,[]
Terraforming Mars,"['Terraforming Mars: Gathering of Friends Promo Card', 'Terraforming Mars: Turmoil', 'Terraforming Mars: Atmo Collectors Promo Card', 'Terraforming Mars: BGG User-Created Corporation Pack', 'Terraforming Mars: Colonies', 'Terraforming Mars: Jovian Lanterns Promo Card', 'Terraforming Mars: Lunar Exports Promo Card', 'Terraforming Mars: Prelude', 'Terraforming Mars: Hellas & Elysium', 'Terraforming Mars: Penguins Promo Card']"
Twilight Struggle,"['Twilight Struggle: Turn Zero and Promo Packs', 'Twilight Struggle: Regime of the Colonels Promo Card', 'Twilight Struggle: Promo Deck', 'Twilight Struggle: Turn Zero', 'Twilight Struggle: ""Pakt Bagdadzki"" and ""Stan Wojenny"" Promo Cards', 'Twilight Struggle: ""Referendum NATO"" Promo Card', 'Twilight Struggle: ""Anni di Piombo"" Promo Card', 'Twilight Struggle: ""Gladio"" Promo Card', 'Twilight Struggle: ""Финляндизация"" Promo Card']"
Star Wars: Rebellion,['Star Wars: Rebellion – Rise of the Empire']
Gaia Project,[]
Scythe,"['Scythe: Modular Board', 'Scythe: Bonus Promo Pack – 6 Promo Encounter Cards numbers 37-42', 'Scythe: Encounters', 'Scythe: The Rise of Fenris', 'Scythe: Promo Pack #11 – Encounter Card 39', 'Scythe: Promo Pack #12 – Encounter Card 40', 'Scythe: Promo Pack #13 – Encounter Card 41', 'Scythe: Promo Pack #14 – Encounter Card 42', 'Scythe: The Wind Gambit', 'Scythe: Invaders from Afar']"
Twilight Imperium (Fourth Edition),[]
Great Western Trail,"['Brettspiel Adventskalender 2018', 'Great Western Trail: At the Poker Table', 'Great Western Trail: Rails to the North', 'Deutscher Spielepreis 2017 Goodie Box', 'Great Western Trail: Promo Station Master Tiles', 'Great Western Trail: The Eleventh Building Tile']"
Terra Mystica,"['Terra Mystica: Erweiterungsbogen', 'Terra Mystica: Fire & Ice', 'Terra Mystica: 4 Town Tiles', 'Terra Mystica: Bonus Card Shipping Value']"
War of the Ring (Second Edition),"['War of the Ring: Warriors of Middle-earth', 'War of the Ring: Warriors of Middle-earth – Tidings Not Burdens Mini-Expansion', 'War of the Ring: Lords of Middle-earth', 'War of the Ring: Lords of Middle-earth – Treebeard Mini-Expansion', 'War of the Ring: Scenario – The Breaking of the Fellowship']"
The Castles of Burgundy,"['Brettspiel Adventskalender 2018', 'The Castles of Burgundy: 10th Expansion – Solo', 'Brettspiel Adventskalender 2017', 'The Castles of Burgundy: 8th Expansion – Trade Routes', 'The Castles of Burgundy: 9th Expansion – The Team Game', 'The Castles of Burgundy: 7th Expansion – German Board Game Championship Board 2016', 'Brettspiel Adventskalender 2015', 'The Castles of Burgundy: 6th Expansion – The Cloisters', 'The Castles of Burgundy: 5th Expansion – Pleasure Garden', 'Stadt Land Spielt Limitierter Sonderdruck Tag des Gesellschaftsspiels']"
Brass: Birmingham,[]
Spirit Island,"['Spirit Island: Jagged Earth', 'Spirit Island: Promo Pack 2', 'Spirit Island: Unter der Insel schlummernde Schlange Promo', 'Spirit Island: Branch & Claw', 'Spirit Island: Champions of the Dahan Token Pack', 'Spirit Island: Expansion Playmat', 'Spirit Island: Promo Pack 1']"
7 Wonders Duel,"['Leaders (fan expansion to  7 Wonders Duel)', '7 Wonders Duel: Pantheon', '7 Wonders Duel: Statue of Liberty', '7 Wonders Duel: The Messe Essen Promo Card']"
Concordia,"['Concordia: Venus (expansion)', 'Concordia: Aegyptus / Creta', 'Concordia: 8 Forum Cards mini-expansion', 'Concordia: Gallia / Corsica', 'Concordia: Salsa', 'Concordia: Britannia / Germania']"
The 7th Continent,"['The 7th Continent: Comfort Creatures', 'The 7th Continent: The Flying Roots', 'The 7th Continent: What Goes Up, Must Come Down', 'The 7th Continent: BGG Promo Cards', 'The 7th Continent: Facing the Elements', 'The 7th Continent: Fear the Devourers', 'The 7th Continent: Path of Repentance', 'The 7th Continent: Swamp of Madness', 'The 7th Continent: The Forbidden Sanctuary', 'The 7th Continent: The Icy Maze']"
Viticulture Essential Edition,"['Viticulture: Visit from the Rhine Valley', 'Tuscany Essential Edition', 'Viticulture: Moor Visitors Expansion', 'Viticulture: Arboriculture Expansion', 'Viticulture: Kickstarter Promotional Cards']"
Arkham Horror: The Card Game,"['Arkham Horror: The Card Game – Before the Black Throne: Mythos Pack', 'Arkham Horror: The Card Game – For the Greater Good: Mythos Pack', 'Arkham Horror: The Card Game – In The Clutches of Chaos: Mythos Pack', 'Arkham Horror: The Card Game – Return to the Path to Carcosa', 'Arkham Horror: The Card Game – The Circle Undone: Expansion', 'Arkham Horror: The Card Game – The Secret Name: Mythos Pack', 'Arkham Horror: The Card Game – The Wages of Sin: Mythos Pack', 'Arkham Horror: The Card Game – Union and Disillusion: Mythos Pack', 'Arkham Horror: The Card Game – Beta Cards from Arkham Night 2018', 'Arkham Horror: The Card Game – Black Stars Rise: Mythos Pack']"
Puerto Rico,"['Puerto Rico: Expansions 1&2 – The New Buildings & The Nobles', 'Puerto Rico: Expansion II – The Nobles', 'Treasure Chest', 'Haiti (fan expansion for Puerto Rico)', 'Puerto Rico: Expansion I – New Buildings']"
Brass: Lancashire,"['Brass: 2-player board', 'Catalonia (fan expansion for Brass)']"
Caverna: The Cave Farmers,"['Caverna: The Forgotten Folk', 'Caverna: The Forgotten Folk – Adventurers Promo', 'Caverna: The Forgotten Folk – Halflings promo', 'Caverna: Water Expansion', 'Caverna: Christmas Chamber', 'Caverna: LARP and Cosplay Postcard', 'Caverna: Mini Expansion']"
Mage Knight Board Game,"['Mage Knight Board Game: Dual Color Cards Expansion', 'Mage Knight Board Game: Shades of Tezla Expansion', 'Mage Knight Board Game: Krang Character Expansion', 'Mage Knight Board Game: The Lost Legion Expansion']"
Agricola,"['Agricola: Changelings', 'Agricola: Glon\xadna\xadcker', 'Agricola: France Deck', 'Agricola: Bielefeld Deck', 'Agricola: Belgium Deck', 'Agricola: Brakelhühner Promo Card', 'Agricola: De Lage Landen', 'Agricola: Pi-Deck', 'Agricola Ereigniskarten', 'Agricola: NL-Deck']"
Orléans,"['Orléans: 5th Player Box', ""Orléans: L'évêché de Tours"", 'Orléans: Promo Ortskarten N°2', 'Orléans: Drawbridge', 'Orléans: Neue Ortskarten N°5', 'Orléans: Opera', 'Orléans: Promo Ortskarten N°1', 'Orléans: Neue Ortskarten N°4', 'Orléans: Prairie', 'Orléans: Trade & Intrigue']"
Mansions of Madness: Second Edition,"['Mansions of Madness: Second Edition – Horrific Journeys: Expansion', 'Mansions of Madness: Second Edition – Sanctum of Twilight: Expansion', 'Mansions of Madness: Second Edition – Beyond the Threshold: Expansion', 'Mansions of Madness: Second Edition – Streets of Arkham: Expansion', 'Mansions of Madness: Second Edition – Recurring Nightmares: Figure and Tile Collection', 'Mansions of Madness: Second Edition – Suppressed Memories: Figure and Tile Collection']"
A Feast for Odin,"['A Feast for Odin: The Norwegians', 'Deutscher Spielepreis 2017 Goodie Box', 'A Feast for Odin: Lofoten, Orkney, and Tierra del Fuego', 'A Feast for Odin: New Special Tiles']"
Food Chain Magnate,['Food Chain Magnate: The Ketchup Mechanism & Other Ideas']
Blood Rage,"['Blood Rage: Hili – The Even-Handed', 'Blood Rage: 5th Player Expansion', 'Blood Rage: Gods of Ásgard', 'Blood Rage: Kickstarter Exclusives', 'Blood Rage: Mystics of Midgard']"
Mechs vs. Minions,[]
Pandemic Legacy: Season 2,[]
Kingdom Death: Monster,"['Kingdom Death: Monster – Abyssal Woods Expansion', 'Kingdom Death: Monster – Ancient Root', 'Kingdom Death: Monster – Anonymous Survivor Promo', 'Kingdom Death: Monster – Black Knight Expansion', 'Kingdom Death: Monster – Campaigns of Death Expansion', 'Kingdom Death: Monster – Corsair Coat', 'Kingdom Death: Monster – Death Armor Expansion', 'Kingdom Death: Monster – False Messengers Promo', 'Kingdom Death: Monster – First Hero Expansion', 'Kingdom Death: Monster – Frogdog Expansion']"
Star Wars: Imperial Assault,"['Star Wars: Imperial Assault – Coruscant Back Alleys Skirmish Map', 'Star Wars: Imperial Assault – Endor Defense Station Skirmish Map', 'Star Wars: Imperial Assault – Ezra Bridger and Kanan Jarrus Ally Pack', 'Star Wars: Imperial Assault – Hondo Ohnaka Villain Pack', 'Star Wars: Imperial Assault – Sabine Wren and Zeb Orrelios Ally Pack', 'Star Wars: Imperial Assault – Thrawn Villain Pack', 'Star Wars: Imperial Assault – Tyrants of Lothal', 'Star Wars: Imperial Assault – Ahsoka Tano Ally Pack', 'Star Wars: Imperial Assault – Alliance Rangers Ally Pack', 'Star Wars: Imperial Assault – BT-1 and 0-0-0 Villain Pack']"
Power Grid,"['Power Grid: Fabled Expansion', 'Brettspiel Adventskalender 2015', 'Power Grid: High-Voltage DC Transmission Passage C', 'Power Grid: The Stock Companies', 'Power Grid: Australia & Indian Subcontinent', 'Power Grid: Taxes', 'Power Grid: Northern Europe/United Kingdom & Ireland', 'Power Grid: Oracle & Industrial Espionage', 'Power Grid: Québec/Baden-Württemberg', 'Funkenschlag: Speicherkraftwerk']"
Through the Ages: A Story of Civilization,"['Through the Ages: Spanish Promo Card Set', 'Cywilizacja: Poprzez wieki – Polski dodatek 2', 'BGO Extended 2.0 expansion (fan expansion for Through the Ages)', 'Cywilizacja: Poprzez wieki – Polski dodatek 1', 'Through the Ages: A Story of Civilization – Czech expansion']"
Azul,"['Azul: Special Factories Promo', 'Deutscher Spielepreis 2018 Goodie Box', 'Azul: Joker Tiles']"
Tzolk'in: The Mayan Calendar,"[""Tzolk'in: The Mayan Calendar – Mini Expansion 2"", ""Tzolk'in: The Mayan Calendar – Tribes & Prophecies"", ""Tzolk'in: The Mayan Calendar – Mini Expansion 1""]"
Eclipse,"['Eclipse:  Anticipation of the Elders', 'Eclipse: Black Hole', 'Eclipse: Gift of the Elders', 'Eclipse: Shadow of the Rift', 'Eclipse: Nebula', 'Eclipse: The Galactic North', 'Eclipse: Minions of the Solstice', 'Eclipse: Ship Pack One', 'Eclipse: Pulsar', 'Eclipse: Rise of the Ancients']"
Le Havre,"['Le Havre: Le Grand Hameau – Tablet with App', 'Le Havre: Le Grand Hameau', 'Le Havre: Le Grand Hameau – Rattletrap car', 'Le Havre: Le Grand Hameau – Wholesale Bakery', 'Le Havre: Spielemesse Sonderkarte', 'Le Havre Expansion: Essen Promo Cards']"
Robinson Crusoe: Adventures on the Cursed Island,"['Robinson Crusoe: Adventures on the Cursed Island – Mystery Tales', 'Robinson Crusoe: Przygoda na przeklętej wyspie – Kafel Wulkanu', 'Robinson Crusoe: Adventure in the Neverland Junior', 'Robinson Crusoe: Adventures on the Cursed Island – ""Time Travel"" Scenario', 'Robinson Crusoe: Adventures on the Cursed Island – Hunting Adventures', 'Robinson Crusoe: Adventures on the Cursed Island – In-Store Event Kit', 'Robinson Crusoe: Adventures on the Cursed Island – Mystery Cards I', 'Robinson Crusoe: Adventures on the Cursed Island – Shelter Upgrades', 'Robinson Crusoe: Adventures on the Cursed Island – Event Cards', 'Robinson Crusoe: Adventures on the Cursed Island – Herb Garden and Pen']"
The Voyages of Marco Polo,"['The Voyages of Marco Polo: The Secret Paths of Marco Polo', 'The Voyages of Marco Polo: Agents of Venice', 'The Voyages of Marco Polo: The New Characters']"
Clans of Caledonia,[]
Android: Netrunner,"['Downfall (Fan expansion for Android: Netrunner)', 'Android: Netrunner – Council of the Crest', 'Android: Netrunner – Down the White Nile', 'Android: Netrunner – Kampala Ascendent', 'Android: Netrunner – Magnum Opus cards', 'Android: Netrunner – Reign and Reverie', 'Android: Netrunner – The Devil and the Dragon', 'Android: Netrunner – Whispers in Nalubaale', 'Android: Netrunner – Blood and Water', 'Android: Netrunner – Crimson Dust']"
7 Wonders,"['7 Wonders: Armada', '7 Wonders: Babel', 'Collection (fan expansion for 7 Wonders)', '7 Wonders: Wonder Pack', 'Empires (fan expansion for 7 Wonders)', 'Game Wonders (fan expansion for 7 Wonders)', '7 Wonders: Cities', 'Lost Wonders (fan expansion for 7 Wonders)', 'More Wonders... (fan expansion for 7 Wonders)', 'Myths (fan expansion for 7 Wonders)']"
Keyflower,"['Brettspiel Adventskalender 2018', 'Keyflower: Boat 7', 'Keyflower: Delivery Man', 'Keyflower: Developer', 'Keyflower: Sorcerer', 'Keyflower: Keymelequin', 'Keyflower: Pig Shelter', 'Keyflower: Beekeeper', 'Keyflower: The Merchants', 'Keyflower: Trader']"
Anachrony,"['Anachrony: Fractures of Time', 'Anachrony: The Sentry Post', 'Anachrony: Doomsday Enhancement Pack', 'Anachrony: Exosuit Commander Pack']"
Race for the Galaxy,"['Race for the Galaxy: Retrofit Cards', 'Race for the Galaxy: New Worlds Promo', 'Race for the Galaxy: Xeno Invasion', 'Patronage (fan expansion to Race for the Galaxy)', 'Race for the Galaxy: Alien Artifacts', 'Race for the Galaxy: The Brink of War', 'Race for the Galaxy: Rebel vs Imperium', 'Race for the Galaxy: The Gathering Storm']"
Caylus,['Caylus Expansion: The Jeweller']
Dominant Species,[]
Fields of Arle,"['Fields of Arle: New Travel Destination – Aachen', 'Fields of Arle: New Travel Destination – Bad Wörishofen', 'Fields of Arle: New Travel Destination – Baden', 'Fields of Arle: New Travel Destination – Baltrum', 'Fields of Arle: New Travel Destination – Kaiserslautern', 'Fields of Arle: New Travel Destination – Würzburg', 'Fields of Arle: New Travel Destination – Zürich', 'Fields of Arle: New Travel Destination – Ahrweiler', 'Fields of Arle: New Travel Destination – Arle', 'Fields of Arle: New Travel Destination – Basel']"
Lords of Waterdeep,"['Lords of Waterdeep: Rapid Expansion Promo Card', 'Lords of Waterdeep: Scoundrels of Skullport', 'Lords of Waterdeep: Inevitable Betrayal Promo Card']"
Root,"['Root: The Exiles and Partisans Deck', 'Root: The Underworld Expansion', 'Root: The Riverfolk Expansion']"
Rising Sun,"['Rising Sun: Stronghold Pack', 'Raging Sun (fan expansion to Rising Sun)', 'Rising Sun: Daimyo Box', 'Rising Sun: Dynasty Invasion', 'Rising Sun: Kami Unbound', 'Rising Sun: Monster Pack']"
Twilight Imperium (Third Edition),"['Twilight Imperium (Third Edition): Shards of the Throne', 'Twilight Imperium (Third Edition): Shattered Empire']"
Five Tribes,"['Five Tribes: Galbells', 'Five Tribes: Whims of the Sultan', 'Five Tribes: The Thieves of Naqala', 'Five Tribes: The Artisans of Naqala', 'Five Tribes: Wilwit', 'Five Tribes: Dhenim']"
Wingspan,[]
Eldritch Horror,"['Eldritch Horror: Masks of Nyarlathotep', 'Eldritch Horror: Cities in Ruin', 'Eldritch Horror: The Dreamlands', 'Eldritch Horror: Signs of Carcosa', 'Eldritch Horror: Strange Remnants', 'Eldritch Horror: Under the Pyramids', 'Eldritch Horror: Forsaken Lore', 'Eldritch Horror: Mountains of Madness']"
El Grande,"['The El Grande Expansions', 'El Grande: Grandissimo', ""El Grande: König & Intrigant – Player's Edition"", 'El Grande: Grossinquisitor und Kolonien', 'El Grande: König & Intrigant', 'El Grande: König & Intrigant – Unverkäufliche Sonderkarten']"
Codenames,"['Brettspiel Adventskalender 2018', 'Codenames: Bonuskaarten 2018', 'Codenames: Cartes promo – Univers Geek', 'Tajniacy: Obcy Agenci', 'Codenames: Bonus Pack – Board Gaming (English)', 'Fedőnevek: Magyar bónusz csomag', 'Tajniacy: Nowi Agenci', 'Tajniacy: Sami Nieswoi', 'Codenames: Authors & Games', 'Codenames: Bonus Pack – Board Gaming (German)']"
Clank!: A Deck-Building Adventure,"['Clank! Legacy: Acquisitions Incorporated – Upper Management Pack', 'Clank! Expeditions: Gold and Silk', 'Clank!: Expedition Leader', ""Clank!: The Mummy's Curse"", 'Clank!: Wand of Time', 'Brettspiel Adventskalender 2017', 'Clank!: Brawn vs. Boots', 'Clank!: Enchanted Dice', 'Clank!: Friendly Watcher', 'Clank!: Magic Spectacles']"
Dominion: Intrigue,"['Dominion: Renaissance', 'Dominion: Dismantle Promo Card', 'Dominion: Erweiterung – Basisspiel & Die Intrige', 'Dominion: Nocturne', ""Pirate's Life (Fan Expansion to Dominion)"", 'Dominion: Empires', 'Dominion: Höflinge Promo Card', 'Dominion: Intrigue Update Pack', 'Dominion: Sauna / Avanto Promo Card', 'Dominion: Adventures']"
Patchwork,"['Patchwork: Automa', 'Patchwork: 5x5 Bonuskarte', 'Special Buttons (fan-expansion for Patchwork)']"
The Gallerist,"['The Gallerist: Scoring Expansion', 'The Gallerist: KS Stretch Goal Pack #2']"
Mombasa,"['Deutscher Spielepreis 2016 Goodie Box', 'Mombasa: Cooked Books Mini Expansion', 'Mombasa: E1/E2 Company Track']"
Battlestar Galactica: The Board Game,"['Battlestar Galactica: The Board Game – Daybreak Expansion', 'Battlestar Galactica: The Board Game – Exodus Expansion', 'Battlestar Galactica: The Board Game – Pegasus Expansion', 'Battlestar Galactica: Official Variant Rules']"
Roll for the Galaxy,"['Roll for the Galaxy: Rivalry', 'Roll for the Galaxy: Bountiful Gaming Grid Promo Tile', 'Roll for the Galaxy: Terraforming Colony/Diversified Economy Promo Tile', 'Roll for the Galaxy: Ambition']"
Troyes,"['Troyes: The Ladies of Troyes', 'Troyes: Bonus Cards']"
Sherlock Holmes Consulting Detective: The Thames Murders & Other Cases,"['Sherlock Holmes Consulting Detective: Murder Behind Closed Doors', ""Sherlock Holmes Détective Conseil: L'Homme Sans Visage"", 'Sherlock Holmes Détective Conseil: Les Masques Africains', ""L'affaire Diavolo (Fan expansion for Sherlock Holmes Détective Conseil)"", ""Sherlock Holmes Consulente Investigativo: Il Mistero dell'Impiccato"", 'Sherlock Holmes Détective Conseil: La Piste Tordue', 'Sherlock Holmes Détective Conseil: La rançon du diable', 'Sherlock Holmes Détective Conseil: Octobre 1891', 'Sherlock Holmes Détective Conseil: Oliver Stone', 'Sherlock Holmes Consulting Detective: Adventures by Gaslight']"
T.I.M.E Stories,"['Antic (fan expansion for T.I.M.E Stories)', 'T.I.M.E Stories: Madame', 'T.I.M.E. Stories Revolution: The Hadal Project', 'La Cavale des Daltons (fan expansion for T.I.M.E Stories)', 'City of Souls (fan expansion for T.I.M.E Stories)', 'Dilemma (fan expansion for T.I.M.E Stories)', 'Dreamland (fan expansion for T.I.M.E Stories)', 'Geologists (fan expansion for T.I.M.E Stories)', 'Hora fugit facta manent (fan expansion for T.I.M.E. Stories)', 'La manufacture Lilienfeld (fan expansion for T.I.M.E Stories)']"
Russian Railroads,"['Russian Railroads: Juri Dreigleisky', 'Russian Railroads: American Railroads', 'Russian Railroads: German Railroads', 'Russian Railroads: Mini-Expansion']"
Tigris & Euphrates,['Euphrat & Tigris: Die Zikkurat']
Trajan,[]
Star Wars: X-Wing Miniatures Game,"[""Star Wars: X-Wing Miniatures Game – Saw's Renegades Expansion Pack"", 'Star Wars: X-Wing Miniatures Game – TIE Reaper Expansion Pack', 'Star Wars: X-Wing Miniatures Game – Alpha-Class Star Wing Expansion Pack', 'Star Wars: X-Wing Miniatures Game – Auzituck Gunship Expansion Pack', 'Star Wars: X-Wing Miniatures Game – C-ROC Cruiser Expansion Pack', 'Star Wars: X-Wing Miniatures Game – Guns for Hire Expansion Pack', 'Star Wars: X-Wing Miniatures Game – M12-L Kimogila Fighter Expansion Pack', 'Star Wars: X-Wing Miniatures Game – Phantom II Expansion Pack', 'Star Wars: X-Wing Miniatures Game – Resistance Bomber Expansion Pack', 'Star Wars: X-Wing Miniatures Game – Scurrg H-6 Bomber Expansion Pack']"
Pandemic,"['Pandemic: Gen Con 2016 Promos – Z-Force Team Member/Game Convention', 'Pandemic: Survival Promos – Crisis Mitigator/Relocation Specialist', 'Pandemic: Promo Roles', 'Pandemic: State of Emergency', 'Pandemic: In the Lab', 'Pandemic: On the Brink', 'Pandemie: Uitbreiding ""De Generalist""']"
Dominion,"['Dominion: Renaissance', 'Dominion: Dismantle Promo Card', 'Dominion: Erweiterung – Basisspiel & Die Intrige', 'Dominion: Nocturne', ""Pirate's Life (Fan Expansion to Dominion)"", 'Animals expansion (mini fan expansion for Dominion)', 'Dominion: Empires', 'Dominion: Höflinge Promo Card', 'Dominion: Intrigue (Second Edition)', 'Dominion: Intrigue Update Pack']"
Dead of Winter: A Crossroads Game,"['Dead of Winter: Giggles', 'Dead of Winter: A Crossroads Game – BGG Crossroads Promo', 'Dead of Winter: KD James', 'Dead of Winter: Meryl Wolfe', 'Dead of Winter: Ruckus Burley', 'Dead of Winter: Warring Colonies', 'Dead of Winter: Rich Sommer', 'Dead of Winter: Rodney Smith', 'Dead of Winter: Andrea Smith', 'Dead of Winter: Dice Tower Crossroads Promo']"
Lisboa,[]
Crokinole,[]
Kemet,"['Kemet: Seth', 'Kemet: Dice Tower Promo 2016', 'Kemet: New Power Tiles', 'Kemet: Skills and Black Power Tile For Ta-Seti', 'Kemet: Ta-Seti', 'C3K: Creatures Crossover Cyclades/Kemet']"
Pandemic: Iberia,[]
Agricola (Revised Edition),"['Agricola: Corbarius Deck', 'Agricola: Bubulcus Deck', 'Agricola: Changelings', 'Agricola: Farmers of the Moor', 'Agricola Game Expansion: Blue', 'Agricola Game Expansion: Green', 'Agricola Game Expansion: Purple', 'Agricola Game Expansion: Red', 'Agricola Game Expansion: White', 'Agricola Game Expansion: Yellow']"
Descent: Journeys in the Dark (Second Edition),"['Descent: Journeys in the Dark (Second Edition) – Lost Legends Expansion Pack', 'Descent: Journeys in the Dark (Second Edition) – Road to Legend', 'Descent: Journeys in the Dark (Second Edition) – Shards of Everdark', 'Descent: Journeys in the Dark (Second Edition) – Stewards of the Secret', 'Descent: Journeys in the Dark (Second Edition) – The Chains That Rust', ""Descent: Journeys in the Dark (Second Edition) – Ardus Ix'Erebus Lieutenant Pack"", 'Descent: Journeys in the Dark (Second Edition) – Bonds of the Wild', 'Descent: Journeys in the Dark (Second Edition) – Dark Elements', 'Descent: Journeys in the Dark (Second Edition) – Heirs of Blood', 'Descent: Journeys in the Dark (Second Edition) – Kyndrithul Lieutenant Pack']"
Forbidden Stars,[]
Stone Age,"['Stone Age: The Mammoth Herd', 'Stadt Land Spielt Limitierte Sonderdrucke 2013', 'Stone Age: Casino', 'Schmuck und Handel (fan expansion for Stone Age)', 'Stone Age: The Expansion', 'Stone Age: The New Huts']"
Raiders of the North Sea,"['Garphill Games 5-Year Anniversary Promo Pack', 'Raiders of the North Sea: Garphill Games 5-Year Anniversary Promos', 'Raiders of the North Sea: Ceedee Promo Card', 'Raiders of the North Sea: Fields of Fame', 'Raiders of the North Sea: Hall of Heroes', 'Raiders of the North Sea: Jarl Promo', 'Raiders of the North Sea: Outsiders', 'Raiders of the North Sea: Solo Variant', 'Raiders of the North Sea: The Meeple Men Promo Card', 'Raiders of the North Sea: The Mico Promo']"
Alchemists,"[""Alchemists: The King's Golem"", 'Alchemists: Publisher', 'Alchemists: Ring of Favor']"
Aeon's End,"[""Aeon's End: Buried Secrets"", ""Aeon's End: Echo Stone and Splinter Missile Promo"", ""Aeon's End: The Ancients"", ""Aeon's End: Thieving Spirit"", ""Aeon's End: Tabletop Day 2017 Promos – Drown in Flames / Glyph Enigma"", ""Aeon's End: The Nameless"", ""Aeon's End: The Outer Dark"", ""Aeon's End: The Void"", ""Aeon's End: War Eternal – Promo Pack"", ""Aeon's End: Fleeting Vision Promo""]"
Yokohama,['Yokohama: Achievements & Free Agents Promo']
Star Realms,"['Star Realms: Command Deck – Lost Fleet', 'Star Realms: Command Deck – The Alignment', 'Star Realms: Command Deck – The Alliance', 'Star Realms: Command Deck – The Coalition', 'Star Realms: Command Deck – The Pact', 'Star Realms: Command Deck – The Union', 'Star Realms: Command Deck – The Unity', 'Star Realms: Frontiers – Kickstarter Promos', 'Star Realms: Merc Destroyer Promo Card', 'Star Realms: Merc Tower Promo Card']"
War of the Ring (First Edition),"['War of the Ring: Scenario – The Breaking of the Fellowship', 'War of the Ring: Battles of the Third Age']"
Legendary Encounters: An Alien Deck Building Game,"['Legendary Encounters: An Alien Deck Building Game Expansion', 'Legendary Encounters: ALIEN Conversion Kit']"
Champions of Midgard,"['Champions of Midgard: Asian Monsters', 'Champions of Midgard: Bjorn Hammerblow the Fantastic promo', 'Champions of Midgard: Gullinkambi Public Boat Promo', 'Champions of Midgard: Meeple Monster Promo Card', 'Champions of Midgard: Mercenaries Land Journey Promo Card', 'Champions of Midgard: Merchant Ship Promo Cards', 'Champions of Midgard: Shipwreck Journey Promo Cards', 'Champions of Midgard: Draudan and Bergrisar King Promo Cards', 'Champions of Midgard: Jarl Edition', 'Champions of Midgard: The Dark Mountains']"
Castles of Mad King Ludwig,"['Castles of Mad King Ludwig: Secrets', 'Zamki szalonego króla Ludwika: Polskie zamki']"
Istanbul,"['Camel Up: The Referee Camel & Istanbul – Caravan Leader Mini Expansion', 'Brettspiel Adventskalender 2016', 'Istanbul: Caravan Leader Mini Expansion', 'Istanbul: Letters & Seals', 'Istanbul: Pegasus Depot Mini Expansion', 'Istanbul: Mocha & Baksheesh', 'Istanbul: Kebab Shop Mini Expansion']"
A Game of Thrones: The Board Game (Second Edition),"['A Game of Thrones: The Board Game (Second Edition) – Mother of Dragons', 'A Game of Thrones: The Board Game (Second Edition) – A Feast for Crows', 'A Game of Thrones: The Board Game (Second Edition) – A Dance with Dragons']"
The Resistance: Avalon,['The Resistance: Avalon Promos']
Santorini,"['Santorini: Asteria', 'Santorini: Hippolyta', 'Santorini: Hydra', 'Santorini: Iris', 'Santorini: Nyx', 'Santorini: Pegasus', 'Santorini: Promo Pack', 'Santorini: Castor & Pollux', 'Santorini: Eris', 'Santorini: Golden Fleece']"
Grand Austria Hotel,"['Grand Austria Hotel: Herr Moras', 'Grand Austria Hotel: Mag. Ferdinand']"
Architects of the West Kingdom,"['Architects of the West Kingdom: Garphill Games 5-Year Anniversary Promos', 'Architects of the West Kingdom: Paladins Apprentices', 'Garphill Games 5-Year Anniversary Promo Pack', 'Architects of the West Kingdom: Extra Apprentices', 'Architects of the West Kingdom: Extra Buildings', 'Architects of the West Kingdom: Extra Player Boards']"
