Igra,Oblikovalec
Gloomhaven,Isaac Childres
Pandemic Legacy: Season 1,Rob Daviau
Pandemic Legacy: Season 1,Matt Leacock
Through the Ages: A New Story of Civilization,Vlaada Chvátil
Terraforming Mars,Jacob Fryxelius
Twilight Struggle,Ananda Gupta
Twilight Struggle,Jason Matthews
Star Wars: Rebellion,Corey Konieczka
Gaia Project,Jens Drögemüller
Gaia Project,Helge Ostertag
Scythe,Jamey Stegmaier
Twilight Imperium (Fourth Edition),Dane Beltrami
Twilight Imperium (Fourth Edition),Corey Konieczka
Twilight Imperium (Fourth Edition),Christian T. Petersen
Great Western Trail,Alexander Pfister
Terra Mystica,Jens Drögemüller
Terra Mystica,Helge Ostertag
War of the Ring (Second Edition),Roberto Di Meglio
War of the Ring (Second Edition),Marco Maggi
War of the Ring (Second Edition),Francesco Nepitello
The Castles of Burgundy,Stefan Feld
Brass: Birmingham,Gavan Brown
Brass: Birmingham,Matt Tolman
Brass: Birmingham,Martin Wallace
Spirit Island,R. Eric Reuss
7 Wonders Duel,Antoine Bauza
7 Wonders Duel,Bruno Cathala
The 7th Continent,Ludovic Roudy
The 7th Continent,Bruno Sautter
Concordia,Mac Gerdts
Viticulture Essential Edition,Morten Monrad Pedersen
Viticulture Essential Edition,Jamey Stegmaier
Viticulture Essential Edition,Alan Stone
Puerto Rico,Andreas Seyfarth
Arkham Horror: The Card Game,Nate French
Arkham Horror: The Card Game,Matthew Newman
Brass: Lancashire,Martin Wallace
Caverna: The Cave Farmers,Uwe Rosenberg
Mage Knight Board Game,Vlaada Chvátil
Agricola,Uwe Rosenberg
Orléans,Reiner Stockhausen
Mansions of Madness: Second Edition,Nikki Valens
A Feast for Odin,Uwe Rosenberg
Food Chain Magnate,Jeroen Doumen
Food Chain Magnate,Joris Wiersinga
Blood Rage,Eric M. Lang
Pandemic Legacy: Season 2,Rob Daviau
Pandemic Legacy: Season 2,Matt Leacock
Mechs vs. Minions,Chris Cantrell
Mechs vs. Minions,Rick Ernst
Mechs vs. Minions,Stone Librande
Mechs vs. Minions,Prashant Saraswat
Mechs vs. Minions,Nathan Tiras
Kingdom Death: Monster,Adam Poots
Through the Ages: A Story of Civilization,Vlaada Chvátil
Power Grid,Friedemann Friese
Star Wars: Imperial Assault,Justin Kemppainen
Star Wars: Imperial Assault,Corey Konieczka
Star Wars: Imperial Assault,Jonathan Ying
Tzolk'in: The Mayan Calendar,Simone Luciani
Tzolk'in: The Mayan Calendar,Daniele Tascini
Azul,Michael Kiesling
Eclipse,Touko Tahkokallio
Le Havre,Uwe Rosenberg
Robinson Crusoe: Adventures on the Cursed Island,Ignacy Trzewiczek
The Voyages of Marco Polo,Simone Luciani
The Voyages of Marco Polo,Daniele Tascini
Clans of Caledonia,Juma Al-JouJou
Android: Netrunner,Richard Garfield
Android: Netrunner,Lukas Litzsinger
7 Wonders,Antoine Bauza
Keyflower,Sebastian Bleasdale
Keyflower,Richard Breese
Anachrony,Dávid Turczi
Race for the Galaxy,Thomas Lehmann
Wingspan,Elizabeth Hargrave
Caylus,William Attia
Dominant Species,Chad Jensen
Root,Cole Wehrle
Fields of Arle,Uwe Rosenberg
Lords of Waterdeep,Peter Lee
Lords of Waterdeep,Rodney Thompson
Rising Sun,Eric M. Lang
Twilight Imperium (Third Edition),Christian T. Petersen
Five Tribes,Bruno Cathala
Eldritch Horror,Corey Konieczka
Eldritch Horror,Nikki Valens
El Grande,Wolfgang Kramer
El Grande,Richard Ulrich
Codenames,Vlaada Chvátil
Clank!: A Deck-Building Adventure,Paul Dennen
Dominion: Intrigue,Donald X. Vaccarino
The Gallerist,Vital Lacerda
Patchwork,Uwe Rosenberg
Mombasa,Alexander Pfister
Battlestar Galactica: The Board Game,Corey Konieczka
Roll for the Galaxy,Wei-Hwa Huang
Roll for the Galaxy,Thomas Lehmann
Sherlock Holmes Consulting Detective: The Thames Murders & Other Cases,Raymond Edwards
Sherlock Holmes Consulting Detective: The Thames Murders & Other Cases,Suzanne Goldberg
Sherlock Holmes Consulting Detective: The Thames Murders & Other Cases,Gary Grady
Troyes,Sébastien Dujardin
Troyes,Xavier Georges
Troyes,Alain Orban
T.I.M.E Stories,Peggy Chassenet
T.I.M.E Stories,Manuel Rozoy
Russian Railroads,Helmut Ohley
Russian Railroads,"Leonhard ""Lonny"" Orgler"
Tigris & Euphrates,Reiner Knizia
Trajan,Stefan Feld
Star Wars: X-Wing Miniatures Game,Jason Little
Pandemic,Matt Leacock
Dominion,Donald X. Vaccarino
Dead of Winter: A Crossroads Game,Jonathan Gilmour
Dead of Winter: A Crossroads Game,Isaac Vega
Lisboa,Vital Lacerda
Crokinole,(Uncredited)
Kemet,Jacques Bariot
Kemet,Guillaume Montiage
Pandemic: Iberia,Jesús Torres Castro
Pandemic: Iberia,Matt Leacock
Agricola (Revised Edition),Uwe Rosenberg
Descent: Journeys in the Dark (Second Edition),Daniel Clark (I)
Descent: Journeys in the Dark (Second Edition),Corey Konieczka
Descent: Journeys in the Dark (Second Edition),Adam Sadler
Descent: Journeys in the Dark (Second Edition),Kevin Wilson
Forbidden Stars,Samuel Bailey
Forbidden Stars,James Kniffen
Forbidden Stars,Corey Konieczka
Raiders of the North Sea,Shem Phillips
Stone Age,Bernd Brunnhofer
Alchemists,Matúš Kotry
Yokohama,Hisashi Hayashi
Aeon's End,Kevin Riley
Star Realms,Robert Dougherty
Star Realms,Darwin Kastle
War of the Ring (First Edition),Roberto Di Meglio
War of the Ring (First Edition),Marco Maggi
War of the Ring (First Edition),Francesco Nepitello
Legendary Encounters: An Alien Deck Building Game,Ben Cichoski
Legendary Encounters: An Alien Deck Building Game,Daniel Mandel
Champions of Midgard,Ole Steiness
Castles of Mad King Ludwig,Ted Alspach
Istanbul,Rüdiger Dorn
A Game of Thrones: The Board Game (Second Edition),Christian T. Petersen
Architects of the West Kingdom,Shem Phillips
Architects of the West Kingdom,S J Macdonald
The Resistance: Avalon,Don Eskridge
Santorini,Gord!
Teotihuacan: City of Gods,Daniele Tascini
Grand Austria Hotel,Virginio Gigli
Grand Austria Hotel,Simone Luciani
Ticket to Ride: Europe,Alan R. Moon
Chaos in the Old World,Eric M. Lang
Railways of the World,Glenn Drover
Railways of the World,Martin Wallace
Ora et Labora,Uwe Rosenberg
Suburbia,Ted Alspach
Commands & Colors: Ancients,Richard Borg
Inis,Christian Martinez
Arcadia Quest,Thiago Aranha
Arcadia Quest,Guilherme Goulart
Arcadia Quest,Eric M. Lang
Arcadia Quest,Fred Perret
Nations,Rustan Håkansson
Nations,Nina Håkansson
Nations,Einar Rosén
Nations,Robert Rosén
The Lord of the Rings: The Card Game,Nate French
Captain Sonar,Roberto Fraga
Captain Sonar,Yohan Lemonnier
Lorenzo il Magnifico,Flaminia Brasini
Lorenzo il Magnifico,Virginio Gigli
Lorenzo il Magnifico,Simone Luciani
Codenames: Duet,Vlaada Chvátil
Codenames: Duet,Scot Eaton
Dinosaur Island,Jonathan Gilmour
Dinosaur Island,Brian Lewis
Jaipur,Sébastien Pauchon
Paths of Glory,Ted Raicer
Cosmic Encounter,Bill Eberle
Cosmic Encounter,Jack Kittredge
Cosmic Encounter,Bill Norton
Cosmic Encounter,Peter Olotka
Cosmic Encounter,Kevin Wilson
Combat Commander: Europe,Chad Jensen
Near and Far,Ryan Laukat
Hansa Teutonica,Andreas Steding
Memoir '44,Richard Borg
Clank! In! Space!,Paul Dennen
Village,Inka Brand
Village,Markus Brand
Sagrada,Adrian Adamescu
Sagrada,Daryl Andrews
Too Many Bones,Josh J. Carlson
Too Many Bones,Adam Carlson
Goa,Rüdiger Dorn
Chronicles of Crime,David Cicurel
Age of Steam,Martin Wallace
Ticket to Ride: Nordic Countries,Alan R. Moon
Splendor,Marc André
La Granja,Michael Keller (II)
La Granja,"Andreas ""ode."" Odendahl"
Tichu,Urs Hostettler
Steam,Martin Wallace
Zombicide: Black Plague,Raphaël Guiton
Zombicide: Black Plague,Jean-Baptiste Lullien
Zombicide: Black Plague,Nicolas Raoult
Go,(Uncredited)
The Princes of Florence,Wolfgang Kramer
The Princes of Florence,Richard Ulrich
The Princes of Florence,Jens Christopher Ulrich
Legendary: A Marvel Deck Building Game,Devin Low
Vinhos Deluxe Edition,Vital Lacerda
Viticulture,Jamey Stegmaier
Viticulture,Alan Stone
Ticket to Ride,Alan R. Moon
Targi,Andreas Steiger
Sekigahara: The Unification of Japan,Matt Calkins
This War of Mine: The Board Game,Michał Oracz
This War of Mine: The Board Game,Jakub Wiśniewski
Xia: Legends of a Drift System,Cody Miller
Endeavor: Age of Sail,Carl de Visser
Endeavor: Age of Sail,Jarratt Gray
Ra,Reiner Knizia
Shogun,Dirk Henn
Magic: The Gathering,Richard Garfield
Galaxy Trucker,Vlaada Chvátil
Cyclades,Bruno Cathala
Cyclades,Ludovic Maublanc
Carcassonne,Klaus-Jürgen Wrede
Trickerion: Legends of Illusion,Richard Amann
Trickerion: Legends of Illusion,Viktor Peter
Star Realms: Colony Wars,Robert Dougherty
Star Realms: Colony Wars,Darwin Kastle
Imperial Settlers,Maciej Obszański
Imperial Settlers,Ignacy Trzewiczek
YINSH,Kris Burm
Charterstone,Jamey Stegmaier
Decrypto,Thomas Dagenais-Lespérance
Sushi Go Party!,Phil Walker-Harding
Lewis & Clark,Cédrick Chaboussit
Imperial,Mac Gerdts
Glory to Rome,Ed Carter
Glory to Rome,Carl Chudyk
Power Grid Deluxe: Europe/North America,Friedemann Friese
Dungeon Petz,Vlaada Chvátil
Deception: Murder in Hong Kong,Tobey Ho
Age of Empires III: The Age of Discovery,Glenn Drover
Isle of Skye: From Chieftain to King,Andreas Pelikan
Isle of Skye: From Chieftain to King,Alexander Pfister
1960: The Making of the President,Christian Leonhard
1960: The Making of the President,Jason Matthews
Bora Bora,Stefan Feld
1830: Railways & Robber Barons,Francis Tresham
Hero Realms,Robert Dougherty
Hero Realms,Darwin Kastle
Hannibal: Rome vs. Carthage,Mark Simonitch
Summoner Wars: Master Set,Colby Dauch
BattleLore (Second Edition),Richard Borg
BattleLore (Second Edition),Robert A. Kouba
Runewars,Corey Konieczka
Seasons,Régis Bonnessée
Space Alert,Vlaada Chvátil
Secret Hitler,Mike Boxleiter
Secret Hitler,Tommy Maranges
Secret Hitler,Max Temkin
Kanban: Driver's Edition,Vital Lacerda
Exit: The Game – The Abandoned Cabin,Inka Brand
Exit: The Game – The Abandoned Cabin,Markus Brand
Everdell,James A. Wilson
Dead of Winter: The Long Night,Jonathan Gilmour
Dead of Winter: The Long Night,Isaac Vega
Dixit: Odyssey,Jean-Louis Roubira
Alien Frontiers,Tory Niemann
Welcome To...,Benoit Turpin
Mage Wars Arena,Bryan Pope
Mage Wars Arena,Benjamin Pope
Navegador,Mac Gerdts
Samurai,Reiner Knizia
Imperial 2030,Mac Gerdts
Fury of Dracula (third/fourth edition),Frank Brooks
Fury of Dracula (third/fourth edition),Stephen Hand
Fury of Dracula (third/fourth edition),Kevin Wilson
Mysterium,Oleksandr Nevskiy
Mysterium,Oleg Sidorenko
Above and Below,Ryan Laukat
Rajas of the Ganges,Inka Brand
Rajas of the Ganges,Markus Brand
Indonesia,Jeroen Doumen
Indonesia,Joris Wiersinga
That's Pretty Clever,Wolfgang Warsch
Antiquity,Jeroen Doumen
Antiquity,Joris Wiersinga
Battle Line,Reiner Knizia
Kingdomino,Bruno Cathala
Burgle Bros.,Tim Fowers
Here I Stand,Ed Beach
Sid Meier's Civilization: The Board Game,Kevin Wilson
Coimbra,Flaminia Brasini
Coimbra,Virginio Gigli
Rococo,Matthias Cramer
Rococo,Stefan Malz
Rococo,Louis Malz
Detective: A Modern Crime Board Game,Przemysław Rymer
Detective: A Modern Crime Board Game,Ignacy Trzewiczek
Detective: A Modern Crime Board Game,Jakub Łapot
Onitama,Shimpei Sato
Dungeon Lords,Vlaada Chvátil
The Resistance,Don Eskridge
The Manhattan Project: Energy Empire,Tom Jolly
The Manhattan Project: Energy Empire,Luke Laurie
Small World,Philippe Keyaerts
Star Wars: Armada,James Kniffen
Star Wars: Armada,Christian T. Petersen
Letters from Whitechapel,Gabriele Mari
Letters from Whitechapel,Gianluca Santopietro
Agricola: All Creatures Big and Small,Uwe Rosenberg
Flamme Rouge,Asger Harding Granerud
Hive,John Yianni
Modern Art,Reiner Knizia
Mission: Red Planet (Second Edition),Bruno Cathala
Mission: Red Planet (Second Edition),Bruno Faidutti
Merchants & Marauders,Kasper Aagaard
Merchants & Marauders,Christian Marcussen
Bruges,Stefan Feld
Ghost Stories,Antoine Bauza
Roll Player,Keith Matejka
Dixit,Jean-Louis Roubira
Acquire,Sid Sackson
Die Macher,Karl-Heinz Schmiel
Tikal,Michael Kiesling
Tikal,Wolfgang Kramer
Glass Road,Uwe Rosenberg
Century: Spice Road,Emerson Matsuuchi
Evolution: Climate,Dominic Crapuchettes
Evolution: Climate,Dmitry Knorre
Evolution: Climate,Sergey Machin
Ethnos,Paolo Mori
Tyrants of the Underdark,Peter Lee
Tyrants of the Underdark,Rodney Thompson
Tyrants of the Underdark,Andrew Veen
Neuroshima Hex! 3.0,Michał Oracz
Telestrations,(Uncredited)
KeyForge: Call of the Archons,Richard Garfield
Hanamikoji,Kota Nakayama (中山 宏太)
Pulsar 2849,Vladimír Suchý
Endeavor,Carl de Visser
Endeavor,Jarratt Gray
Claustrophobia,Croc
Cthulhu Wars,Sandy Petersen
Cthulhu Wars,Lincoln Petersen
Takenoko,Antoine Bauza
Blood Bowl: Living Rulebook,Jervis Johnson
Notre Dame,Stefan Feld
Tiny Epic Galaxies,Scott Almes
Clash of Cultures,Christian Marcussen
Love Letter,Seiji Kanai
In the Year of the Dragon,Stefan Feld
Advanced Squad Leader,Don Greenwood
Dune,Bill Eberle
Dune,Jack Kittredge
Dune,Peter Olotka
The Quacks of Quedlinburg,Wolfgang Warsch
The Manhattan Project,Brandon Tibbetts
San Juan,Andreas Seyfarth
Mice and Mystics,Jerry Hawthorne
Civilization,Francis Tresham
Codenames: Pictures,Vlaada Chvátil
Survive: Escape from Atlantis!,Julian Courtland-Smith
Lords of Hellas,Adam Kwapiński
The Pillars of the Earth,Michael Rieneck
The Pillars of the Earth,Stefan Stadler
BattleCON: Devastation of Indines,"D. Brad Talton, Jr."
Space Hulk (third edition),Richard Halliwell
Saint Petersburg,Bernd Brunnhofer
The Quest for El Dorado,Reiner Knizia
Nemesis,Adam Kwapiński
King of Tokyo,Richard Garfield
At the Gates of Loyang,Uwe Rosenberg
Ticket to Ride: Märklin,Alan R. Moon
Nippon,Nuno Bizarro Sentieiro
Nippon,Paulo Soledade
Aeon's End: War Eternal,Kevin Riley
Blood Bowl: Team Manager – The Card Game,Jason Little
Century: Golem Edition,Emerson Matsuuchi
Bruxelles 1893,Etienne Espreman
Macao,Stefan Feld
Arboretum,Dan Cassar
Arkham Horror,Richard Launius
Arkham Horror,Kevin Wilson
Risk Legacy,Rob Daviau
Risk Legacy,Chris Dupuis
Maria,Richard Sivél
Fresco,Wolfgang Panning
Fresco,Marco Ruskowski
Fresco,Marcel Süßelbeck
For Sale,Stefan Dorra
Harry Potter: Hogwarts Battle,Forrest-Pruzan Creative
Harry Potter: Hogwarts Battle,Kami Mandell
Harry Potter: Hogwarts Battle,Andrew Wolf
A Few Acres of Snow,Martin Wallace
Lancaster,Matthias Cramer
51st State: Master Set,Ignacy Trzewiczek
Sherlock Holmes Consulting Detective: Jack the Ripper & West End Adventures,Suzanne Goldberg
Sherlock Holmes Consulting Detective: Jack the Ripper & West End Adventures,Gary Grady
Sherlock Holmes Consulting Detective: Jack the Ripper & West End Adventures,Jérôme Ropert
San Juan (Second Edition),Andreas Seyfarth
Glen More,Matthias Cramer
Flash Point: Fire Rescue,Kevin Lanzing
Quadropolis,François Gandon
Millennium Blades,"D. Brad Talton, Jr."
BattleLore,Richard Borg
Sheriff of Nottingham,Sérgio Halaban
Sheriff of Nottingham,André Zatz
1775: Rebellion,Beau Beckett
1775: Rebellion,Jeph Stahl
Lord of the Rings: The Confrontation,Reiner Knizia
Lord of the Rings: The Confrontation,Eric M. Lang
Lord of the Rings: The Confrontation,Christian T. Petersen
Altiplano,Reiner Stockhausen
Heaven & Ale,Michael Kiesling
Heaven & Ale,Andreas Schmidt
Underwater Cities,Vladimír Suchý
Heroscape Master Set: Rise of the Valkyrie,Stephen Baker
Heroscape Master Set: Rise of the Valkyrie,Rob Daviau
Heroscape Master Set: Rise of the Valkyrie,Craig Van Ness
Shadows of Brimstone: City of the Ancients,Jason C. Hill
Firefly: The Game,Aaron Dill
Firefly: The Game,John Kovaleski
Firefly: The Game,Sean Sweigart
Kingsburg,Andrea Chiarvesio
Kingsburg,Luca Iennaco
Blood Bowl (Third Edition),Jervis Johnson
Pandemic: The Cure,Matt Leacock
Amun-Re,Reiner Knizia
Mansions of Madness,Corey Konieczka
Star Wars: X-Wing Miniatures Game – The Force Awakens Core Set,Alex Davy
Star Wars: X-Wing Miniatures Game – The Force Awakens Core Set,James Kniffen
Star Wars: X-Wing Miniatures Game – The Force Awakens Core Set,Corey Konieczka
Star Wars: X-Wing Miniatures Game – The Force Awakens Core Set,Jason Little
Amerigo,Stefan Feld
Forbidden Desert,Matt Leacock
Innovation,Carl Chudyk
Bärenpark,Phil Walker-Harding
Descent: Journeys in the Dark,Kevin Wilson
London (first edition),Martin Wallace
Spartacus: A Game of Blood & Treachery,Aaron Dill
Spartacus: A Game of Blood & Treachery,John Kovaleski
Spartacus: A Game of Blood & Treachery,Sean Sweigart
Lost Cities,Reiner Knizia
The Godfather: Corleone's Empire,Eric M. Lang
Stockpile,Brett Sobol
Stockpile,Seth Van Orden
Dice Forge,Régis Bonnessée
Sentinels of the Multiverse,Christopher Badell
Sentinels of the Multiverse,Paul Bender
Sentinels of the Multiverse,Adam Rebottaro
The Great Zimbabwe,Jeroen Doumen
The Great Zimbabwe,Joris Wiersinga
Hanabi,Antoine Bauza
Archipelago,Christophe Boelinger
Mythic Battles: Pantheon,Benoit Vogt
The Grizzled,Fabien Riffaud
The Grizzled,Juan Rodriguez
Egizia,Acchittocca
Egizia,Flaminia Brasini
Egizia,Virginio Gigli
Egizia,Stefano Luperto
Egizia,Antonio Tinto
Raptor,Bruno Cathala
Raptor,Bruno Faidutti
Roads & Boats,Jeroen Doumen
Roads & Boats,Joris Wiersinga
Biblios,Steve Finn
"Labyrinth: The War on Terror, 2001 – ?",Volko Ruhnke
Time's Up! Title Recall!,Michael Adams
Time's Up! Title Recall!,Peter Sarrett
Pandemic: Reign of Cthulhu,Matt Leacock
Pandemic: Reign of Cthulhu,Chuck D. Yager
Madeira,Nuno Bizarro Sentieiro
Madeira,Paulo Soledade
Catan,Klaus Teuber
One Night Ultimate Werewolf,Ted Alspach
One Night Ultimate Werewolf,Akihisa Okui
Small World Underground,Philippe Keyaerts
Commands & Colors: Napoleonics,Richard Borg
Deus,Sébastien Dujardin
Pathfinder Adventure Card Game: Rise of the Runelords – Base Set,Mike Selinker
Legends of Andor,Michael Menzel
Star Wars: Destiny,Corey Konieczka
Star Wars: Destiny,Lukas Litzsinger
Colt Express,Christophe Raimbault
Earth Reborn,Christophe Boelinger
Photosynthesis,Hjalmar Hach
Friday,Friedemann Friese
Airlines Europe,Alan R. Moon
Santa Maria,Eilif Svensson
Santa Maria,Kristian Amundsen Østby
First Class: All Aboard the Orient Express!,Helmut Ohley
PitchCar,Jean du Poël
Libertalia,Paolo Mori
Freedom: The Underground Railroad,Brian Mayer
Vinhos,Vital Lacerda
Euphoria: Build a Better Dystopia,Jamey Stegmaier
Euphoria: Build a Better Dystopia,Alan Stone
Abyss,Bruno Cathala
Abyss,Charles Chevallier
Vikings,Michael Kiesling
Shadows over Camelot,Bruno Cathala
Shadows over Camelot,Serge Laget
Ginkgopolis,Xavier Georges
Elysium,Matthew Dunstan
Elysium,Brett J. Gilbert
Hammer of the Scots,Tom Dalgliesh
Hammer of the Scots,Jerry Taylor
Taj Mahal,Reiner Knizia
Citadels,Bruno Faidutti
TZAAR,Kris Burm
Gùgōng,Andreas Steding
A Game of Thrones: The Card Game (Second Edition),Nate French
A Game of Thrones: The Card Game (Second Edition),Eric M. Lang
Paperback,Tim Fowers
Conan,Frédéric Henry
Western Legends,Hervé Lemaître
Tales of the Arabian Nights,Anthony J. Gallela
Tales of the Arabian Nights,Eric Goldberg
Tales of the Arabian Nights,Kevin Maroney
Tales of the Arabian Nights,Zev Shlasinger
Ingenious,Reiner Knizia
A Game of Thrones (First Edition),Christian T. Petersen
A Game of Thrones (First Edition),Kevin Wilson
The Lord of the Rings: Journeys in Middle-earth,Nathan I. Hajek
The Lord of the Rings: Journeys in Middle-earth,Grace Holdinghaus
The Colonists,Tim Puls
Imhotep,Phil Walker-Harding
Magic Maze,Kasper Lapp
Evolution,Dominic Crapuchettes
Evolution,Dmitry Knorre
Evolution,Sergey Machin
Azul: Stained Glass of Sintra,Michael Kiesling
Automobile,Martin Wallace
Last Will,Vladimír Suchý
RoboRally,Richard Garfield
Lords of Vegas,James Ernest
Lords of Vegas,Mike Selinker
StarCraft: The Board Game,Corey Konieczka
StarCraft: The Board Game,Christian T. Petersen
Thurn and Taxis,Andreas Seyfarth
Thurn and Taxis,Karen Seyfarth
Schotten Totten,Reiner Knizia
Chinatown,Karsten Hartwig
Mystic Vale,John D. Clair
Nexus Ops,Charlie Catino
Francis Drake,Peter Hawes
Carson City,Xavier Georges
Sword & Sorcery,Simone Romano
Sword & Sorcery,Nunzio Surace
Colosseum,Wolfgang Kramer
Colosseum,Markus Lübke
Thunderstone Advance: Towers of Ruin,Edward Bolme
Thunderstone Advance: Towers of Ruin,Mike Elliott
Thunderstone Advance: Towers of Ruin,Mark Wootton
Sushi Go!,Phil Walker-Harding
The Republic of Rome,Richard Berthold
The Republic of Rome,Don Greenwood
The Republic of Rome,Robert Haines
KLASK,Mikkel Bertelsen
DVONN,Kris Burm
Struggle of Empires,Martin Wallace
Zombicide,Raphaël Guiton
Zombicide,Jean-Baptiste Lullien
Zombicide,Nicolas Raoult
Chicago Express,Harry Wu
Gears of War: The Board Game,Corey Konieczka
AquaSphere,Stefan Feld
Nemo's War (second edition),Chris Taylor (I)
Snowdonia,Tony Boydell
Runebound (Third Edition),Lukas Litzsinger
Skull,Hervé Marly
Bohnanza,Uwe Rosenberg
Junk Art,Jay Cormier
Junk Art,Sen-Foong Lim
Baseball Highlights: 2045,Mike Fitzgerald
Monikers,Alex Hague
Monikers,Justin Vickers
Quantum,Eric Zimmerman
Shadows of Brimstone: Swamps of Death,Jason C. Hill
Queendomino,Bruno Cathala
Potion Explosion,Stefano Castelli
Potion Explosion,Andrea Crespi
Potion Explosion,Lorenzo Silva
Triumph & Tragedy,Craig Besinque
Wallenstein (first edition),Dirk Henn
Fire in the Lake,Mark Herman
Fire in the Lake,Volko Ruhnke
Karuba,Rüdiger Dorn
The Fox in the Forest,Joshua Buergel
Trains,Hisashi Hayashi
No Thanks!,Thorsten Gimmler
Belfort,Jay Cormier
Belfort,Sen-Foong Lim
Argent: The Consortium,Trey Chambers
Mare Nostrum: Empires,Serge Laget
Camel Up,Steffen Bogen
Warhammer Quest: The Adventure Card Game,Justin Kemppainen
Warhammer Quest: The Adventure Card Game,Adam Sadler
Warhammer Quest: The Adventure Card Game,Brady Sadler
Pax Porfiriana,Matt Eklund
Pax Porfiriana,Phil Eklund
Pax Porfiriana,Jim Gutt
Summoner Wars,Colby Dauch
One Night Ultimate Werewolf Daybreak,Ted Alspach
One Night Ultimate Werewolf Daybreak,Akihisa Okui
Bunny Kingdom,Richard Garfield
Discworld: Ankh-Morpork,Martin Wallace
The Battle of Five Armies,Roberto Di Meglio
The Battle of Five Armies,Marco Maggi
The Battle of Five Armies,Francesco Nepitello
Port Royal,Alexander Pfister
Smash Up: Awesome Level 9000,Paul Peterson
Downforce,Rob Daviau
Downforce,Justin D. Jacobson
Downforce,Wolfgang Kramer
Dixit: Journey,Jean-Louis Roubira
Thebes,Peter Prinz
Tobago,Bruce Allen
Broom Service,Andreas Pelikan
Broom Service,Alexander Pfister
Chess,(Uncredited)
Alhambra,Dirk Henn
Carcassonne: Hunters and Gatherers,Klaus-Jürgen Wrede
Gizmos,Phil Walker-Harding
Defenders of the Realm,Richard Launius
Up Front,Courtney F. Allen
Coup,Rikki Tahta
ZhanGuo,Marco Canetta
ZhanGuo,Stefania Niccolini
1846: The Race for the Midwest,Thomas Lehmann
Time's Up!,Peter Sarrett
Luna,Stefan Feld
Jamaica,Malcolm Braff
Jamaica,Bruno Cathala
Jamaica,Sébastien Pauchon
Taluva,Marcel-André Casasola Merkle
Torres,Michael Kiesling
Torres,Wolfgang Kramer
Cuba,Michael Rieneck
Cuba,Stefan Stadler
Space Empires: 4X,Jim Krohn
Through the Desert,Reiner Knizia
Shakespeare,Hervé Rigal
Fury of Dracula (Second Edition),Stephen Hand
Fury of Dracula (Second Edition),Kevin Wilson
Lord of the Rings: The Confrontation,Reiner Knizia
Specter Ops,Emerson Matsuuchi
Cry Havoc,Grant Rodiek
Ashes: Rise of the Phoenixborn,Isaac Vega
The Duke,Jeremy Holcomb
The Duke,Stephen McLaughlin
Myrmes,Yoann Levet
Mr. Jack,Bruno Cathala
Mr. Jack,Ludovic Maublanc
Napoleon's Triumph,Bowen Simmons
Advanced Squad Leader: Starter Kit #1,Ken Dunn
Betrayal at House on the Hill,Rob Daviau
Betrayal at House on the Hill,Bruce Glassco
Betrayal at House on the Hill,Bill McQuillan
Betrayal at House on the Hill,Mike Selinker
Betrayal at House on the Hill,Teeuwynn Woodruff
Escape: The Curse of the Temple,Kristian Amundsen Østby
Formula D,Laurent Lavaur
Formula D,Eric Randall
Vegas Showdown,Henry Stern
Conflict of Heroes: Awakening the Bear! – Russia 1941-42,Uwe Eickert
Cryptid,Hal Duncan
Cryptid,Ruth Veevers
Dominion (Second Edition),Donald X. Vaccarino
Star Trek: Fleet Captains,Mike Elliott
Star Trek: Fleet Captains,Bryan Kinsella
Star Trek: Fleet Captains,Ethan Pasternack
London (Second Edition),Martin Wallace
Thunderstone Quest,Mike Elliott
Thunderstone Quest,Bryan Reese
Thunderstone Quest,Mark Wootton
Blood Bowl (2016 edition),James M. Hewitt
Blood Bowl (2016 edition),Andy Hoare
Blood Bowl (2016 edition),Jervis Johnson
Steampunk Rally,Orin Bishop
Eminent Domain,Seth Jaffee
1989: Dawn of Freedom,Jason Matthews
1989: Dawn of Freedom,Ted Torgerson
Summoner Wars: Alliances Master Set,Colby Dauch
Tokaido,Antoine Bauza
Medici,Reiner Knizia
Exit: The Game – The Pharaoh's Tomb,Inka Brand
Exit: The Game – The Pharaoh's Tomb,Markus Brand
Love Letter: Batman,Seiji Kanai
Cuba Libre,Jeff Grossman
Cuba Libre,Volko Ruhnke
Shipyard,Vladimír Suchý
Las Vegas,Rüdiger Dorn
The Downfall of Pompeii,Klaus-Jürgen Wrede
Space Hulk,Richard Halliwell
Washington's War,Mark Herman
Zombicide Season 2: Prison Outbreak,Raphaël Guiton
Zombicide Season 2: Prison Outbreak,Jean-Baptiste Lullien
Zombicide Season 2: Prison Outbreak,Nicolas Raoult
Arcadia Quest: Inferno,Thiago Aranha
Arcadia Quest: Inferno,Guilherme Goulart
Arcadia Quest: Inferno,Eric M. Lang
Arcadia Quest: Inferno,Fred Perret
Middle-Earth Quest,Corey Konieczka
Middle-Earth Quest,Christian T. Petersen
Middle-Earth Quest,Tim Uren
Tajemnicze Domostwo,Oleksandr Nevskiy
Tajemnicze Domostwo,Oleg Sidorenko
Among the Stars,Vangelis Bagiartakis
Spyfall,Alexandr Ushan
Yspahan,Sébastien Pauchon
Kingdom Builder,Donald X. Vaccarino
K2,Adam Kałuża
Love Letter Premium,Seiji Kanai
Love Letter Premium,John Zinser
Elder Sign,Richard Launius
Elder Sign,Kevin Wilson
Stuffed Fables,Jerry Hawthorne
Newton,Simone Luciani
Newton,Nestore Mangone
Tash-Kalar: Arena of Legends,Vlaada Chvátil
World Without End,Michael Rieneck
World Without End,Stefan Stadler
Empires: Age of Discovery,Glenn Drover
Citadels,Bruno Faidutti
Gloomhaven: Forgotten Circles,Isaac Childres
Gloomhaven: Forgotten Circles,Marcel Cwertetschka
Gloomhaven: Solo Scenarios,Isaac Childres
Gloomhaven: The End of the World (Promo Scenario),Efka Bladukas
Gloomhaven: The End of the World (Promo Scenario),Isaac Childres
Through the Ages: New Leaders and Wonders,Vlaada Chvátil
Terraforming Mars: Gathering of Friends Promo Card,(Uncredited)
Terraforming Mars: Turmoil,Jacob Fryxelius
Terraforming Mars: Atmo Collectors Promo Card,Jacob Fryxelius
Terraforming Mars: BGG User-Created Corporation Pack,(Uncredited)
Terraforming Mars: Colonies,Jacob Fryxelius
Terraforming Mars: Colonies,Jonathan Fryxelius
Terraforming Mars: Jovian Lanterns Promo Card,Jacob Fryxelius
Terraforming Mars: Lunar Exports Promo Card,Jacob Fryxelius
Terraforming Mars: Prelude,Jacob Fryxelius
Terraforming Mars: Hellas & Elysium,Jacob Fryxelius
Terraforming Mars: Penguins Promo Card,Jacob Fryxelius
Twilight Struggle: Turn Zero and Promo Packs,Ananda Gupta
Twilight Struggle: Turn Zero and Promo Packs,Jason Matthews
Twilight Struggle: Promo Deck,Ananda Gupta
Twilight Struggle: Promo Deck,Jason Matthews
Twilight Struggle: Turn Zero,Ananda Gupta
Twilight Struggle: Turn Zero,Jason Matthews
"Twilight Struggle: ""Pakt Bagdadzki"" and ""Stan Wojenny"" Promo Cards",Ananda Gupta
"Twilight Struggle: ""Pakt Bagdadzki"" and ""Stan Wojenny"" Promo Cards",Jason Matthews
"Twilight Struggle: ""Referendum NATO"" Promo Card",Ananda Gupta
"Twilight Struggle: ""Referendum NATO"" Promo Card",Jason Matthews
"Twilight Struggle: ""Anni di Piombo"" Promo Card",Ananda Gupta
"Twilight Struggle: ""Anni di Piombo"" Promo Card",Jason Matthews
"Twilight Struggle: ""Gladio"" Promo Card",Ananda Gupta
"Twilight Struggle: ""Gladio"" Promo Card",Jason Matthews
"Twilight Struggle: ""Финляндизация"" Promo Card",Ananda Gupta
"Twilight Struggle: ""Финляндизация"" Promo Card",Jason Matthews
Star Wars: Rebellion – Rise of the Empire,Corey Konieczka
Scythe: Modular Board,Jamey Stegmaier
Scythe: Bonus Promo Pack – 6 Promo Encounter Cards numbers 37-42,Jamey Stegmaier
Scythe: Encounters,Jamey Stegmaier
Scythe: The Rise of Fenris,Ryan Lopez DeVinaspre
Scythe: The Rise of Fenris,Jamey Stegmaier
Scythe: Promo Pack #11 – Encounter Card 39,Jamey Stegmaier
Scythe: Promo Pack #13 – Encounter Card 41,Jamey Stegmaier
Scythe: Promo Pack #14 – Encounter Card 42,Jamey Stegmaier
Scythe: The Wind Gambit,Kai Starck
Scythe: The Wind Gambit,Jamey Stegmaier
Scythe: Invaders from Afar,Jamey Stegmaier
Great Western Trail: At the Poker Table,Alexander Pfister
Great Western Trail: Rails to the North,Alexander Pfister
Deutscher Spielepreis 2017 Goodie Box,(Uncredited)
Great Western Trail: Promo Station Master Tiles,Alexander Pfister
Great Western Trail: The Eleventh Building Tile,Alexander Pfister
Terra Mystica: Merchants of the Seas,Jens Drögemüller
Terra Mystica: Merchants of the Seas,Helge Ostertag
Terra Mystica: Fire & Ice,Jens Drögemüller
Terra Mystica: Fire & Ice,Helge Ostertag
Terra Mystica: 4 Town Tiles,Jens Drögemüller
Terra Mystica: 4 Town Tiles,Helge Ostertag
Terra Mystica: Bonus Card Shipping Value,Jens Drögemüller
Terra Mystica: Bonus Card Shipping Value,Helge Ostertag
War of the Ring: Warriors of Middle-earth,Roberto Di Meglio
War of the Ring: Warriors of Middle-earth,Marco Maggi
War of the Ring: Warriors of Middle-earth,Francesco Nepitello
War of the Ring: Warriors of Middle-earth – Tidings Not Burdens Mini-Expansion,Roberto Di Meglio
War of the Ring: Warriors of Middle-earth – Tidings Not Burdens Mini-Expansion,Marco Maggi
War of the Ring: Warriors of Middle-earth – Tidings Not Burdens Mini-Expansion,Francesco Nepitello
War of the Ring: Lords of Middle-earth,Roberto Di Meglio
War of the Ring: Lords of Middle-earth,Marco Maggi
War of the Ring: Lords of Middle-earth,Francesco Nepitello
War of the Ring: Lords of Middle-earth – Treebeard Mini-Expansion,Roberto Di Meglio
War of the Ring: Lords of Middle-earth – Treebeard Mini-Expansion,Marco Maggi
War of the Ring: Lords of Middle-earth – Treebeard Mini-Expansion,Francesco Nepitello
War of the Ring: Scenario – The Breaking of the Fellowship,Kristofer Bengtsson
War of the Ring: Scenario – The Breaking of the Fellowship,Roberto Di Meglio
The Castles of Burgundy: 10th Expansion – Solo,Stefan Feld
The Castles of Burgundy: 10th Expansion – Solo,Matthias Nagy
The Castles of Burgundy: 8th Expansion – Trade Routes,Stefan Feld
The Castles of Burgundy: 9th Expansion – The Team Game,Stefan Feld
The Castles of Burgundy: 9th Expansion – The Team Game,Matthias Nagy
The Castles of Burgundy: 7th Expansion – German Board Game Championship Board 2016,Stefan Feld
Brettspiel Adventskalender 2015,Matthias Nagy
The Castles of Burgundy: 6th Expansion – The Cloisters,Stefan Feld
The Castles of Burgundy: 5th Expansion – Pleasure Garden,Stefan Feld
Spirit Island: Jagged Earth,R. Eric Reuss
Spirit Island: Promo Pack 2,R. Eric Reuss
Spirit Island: Unter der Insel schlummernde Schlange Promo,R. Eric Reuss
Spirit Island: Branch & Claw,R. Eric Reuss
Spirit Island: Expansion Playmat,R. Eric Reuss
Spirit Island: Promo Pack 1,R. Eric Reuss
Leaders (fan expansion to  7 Wonders Duel),Michael Gallo
7 Wonders Duel: Pantheon,Antoine Bauza
7 Wonders Duel: Pantheon,Bruno Cathala
7 Wonders Duel: Statue of Liberty,Antoine Bauza
7 Wonders Duel: Statue of Liberty,Bruno Cathala
7 Wonders Duel: The Messe Essen Promo Card,Antoine Bauza
7 Wonders Duel: The Messe Essen Promo Card,Bruno Cathala
The 7th Continent: Comfort Creatures,Ludovic Roudy
The 7th Continent: Comfort Creatures,Bruno Sautter
The 7th Continent: The Flying Roots,Ludovic Roudy
The 7th Continent: The Flying Roots,Bruno Sautter
"The 7th Continent: What Goes Up, Must Come Down",Ludovic Roudy
"The 7th Continent: What Goes Up, Must Come Down",Bruno Sautter
The 7th Continent: BGG Promo Cards,Ludovic Roudy
The 7th Continent: BGG Promo Cards,Bruno Sautter
The 7th Continent: Facing the Elements,Ludovic Roudy
The 7th Continent: Facing the Elements,Bruno Sautter
The 7th Continent: Fear the Devourers,Ludovic Roudy
The 7th Continent: Fear the Devourers,Bruno Sautter
The 7th Continent: Path of Repentance,Ludovic Roudy
The 7th Continent: Path of Repentance,Bruno Sautter
The 7th Continent: Swamp of Madness,Ludovic Roudy
The 7th Continent: Swamp of Madness,Bruno Sautter
The 7th Continent: The Forbidden Sanctuary,Ludovic Roudy
The 7th Continent: The Forbidden Sanctuary,Bruno Sautter
The 7th Continent: The Icy Maze,Ludovic Roudy
The 7th Continent: The Icy Maze,Bruno Sautter
Concordia: Venus (expansion),Mac Gerdts
Concordia: Aegyptus / Creta,Mac Gerdts
Concordia: Aegyptus / Creta,Frank Lamprecht
Concordia: 8 Forum Cards mini-expansion,Mac Gerdts
Concordia: Gallia / Corsica,Mac Gerdts
Concordia: Salsa,Mac Gerdts
Concordia: Britannia / Germania,Mac Gerdts
Viticulture: Visit from the Rhine Valley,Tido Lorenz
Viticulture: Visit from the Rhine Valley,Jamey Stegmaier
Tuscany Essential Edition,Jamey Stegmaier
Tuscany Essential Edition,Alan Stone
Viticulture: Moor Visitors Expansion,Uwe Rosenberg
Viticulture: Moor Visitors Expansion,Jamey Stegmaier
Viticulture: Moor Visitors Expansion,Alan Stone
Viticulture: Arboriculture Expansion,Jamey Stegmaier
Viticulture: Arboriculture Expansion,Alan Stone
Viticulture: Kickstarter Promotional Cards,Jamey Stegmaier
Viticulture: Kickstarter Promotional Cards,Alan Stone
Puerto Rico: Expansions 1&2 – The New Buildings & The Nobles,Andreas Seyfarth
Puerto Rico: Expansion II – The Nobles,Andreas Seyfarth
Treasure Chest,Rüdiger Dorn
Treasure Chest,Stefan Feld
Treasure Chest,Andreas Pelikan
Treasure Chest,Andreas Seyfarth
Haiti (fan expansion for Puerto Rico),Mike Young
Puerto Rico: Expansion I – New Buildings,Andreas Seyfarth
Brass: 2-player board,Martin Wallace
Catalonia (fan expansion for Brass),Jordi Ferrer
Caverna: The Forgotten Folk,Uwe Rosenberg
Caverna: The Forgotten Folk,Alex Wilber
Caverna: The Forgotten Folk – Adventurers Promo,Klemens Franz
Caverna: The Forgotten Folk – Adventurers Promo,Grzegorz Kobiela
Caverna: The Forgotten Folk – Adventurers Promo,Alex Wilber
Caverna: The Forgotten Folk – Halflings promo,Uwe Rosenberg
Caverna: The Forgotten Folk – Halflings promo,Alex Wilber
Caverna: Water Expansion,James Butler
Caverna: Christmas Chamber,Uwe Rosenberg
Caverna: LARP and Cosplay Postcard,Hanno Girke
Caverna: Mini Expansion,(Uncredited)
Mage Knight Board Game: Dual Color Cards Expansion,Vlaada Chvátil
Mage Knight Board Game: Shades of Tezla Expansion,Paul Grogan
Mage Knight Board Game: Shades of Tezla Expansion,Phil Pettifer
Mage Knight Board Game: Krang Character Expansion,Paul Grogan
Mage Knight Board Game: Krang Character Expansion,Phil Pettifer
Mage Knight Board Game: The Lost Legion Expansion,Vlaada Chvátil
Agricola: Changelings,Klemens Franz
Agricola: Changelings,Hanno Girke
Agricola: Changelings,Uwe Rosenberg
Agricola: France Deck,Chris Deotte
Agricola: France Deck,Play-Agricola.com Users
Agricola: France Deck,Uwe Rosenberg
Agricola: Bielefeld Deck,Uwe Rosenberg
Agricola: Bielefeld Deck,Michael Speckmann
Agricola: Belgium Deck,Uwe Rosenberg
Agricola: Brakelhühner Promo Card,Uwe Rosenberg
Agricola: De Lage Landen,David Fair
Agricola: De Lage Landen,Hanno Girke
Agricola: De Lage Landen,John Kennard
Agricola: De Lage Landen,Larry Levy
Agricola: Pi-Deck,Chris Deotte
Agricola: Pi-Deck,Ira Fay
Agricola: Pi-Deck,Play-Agricola.com Users
Agricola: Pi-Deck,Uwe Rosenberg
Agricola Ereigniskarten,Uwe Rosenberg
Agricola: NL-Deck,Uwe Rosenberg
Orléans: 5th Player Box,Reiner Stockhausen
Orléans: L'évêché de Tours,Reiner Stockhausen
Orléans: Promo Ortskarten N°2,Reiner Stockhausen
Orléans: Drawbridge,Reiner Stockhausen
Orléans: Neue Ortskarten N°5,Reiner Stockhausen
Orléans: Promo Ortskarten N°1,Reiner Stockhausen
Orléans: Neue Ortskarten N°4,Reiner Stockhausen
Orléans: Prairie,Reiner Stockhausen
Orléans: Trade & Intrigue,Reiner Stockhausen
Mansions of Madness: Second Edition – Horrific Journeys: Expansion,Kara Centell-Dunk
Mansions of Madness: Second Edition – Sanctum of Twilight: Expansion,Kara Centell-Dunk
Mansions of Madness: Second Edition – Sanctum of Twilight: Expansion,Grace Holdinghaus
Mansions of Madness: Second Edition – Beyond the Threshold: Expansion,Kara Centell-Dunk
Mansions of Madness: Second Edition – Beyond the Threshold: Expansion,Nikki Valens
Mansions of Madness: Second Edition – Streets of Arkham: Expansion,Kara Centell-Dunk
Mansions of Madness: Second Edition – Streets of Arkham: Expansion,Tony Fanchi
Mansions of Madness: Second Edition – Streets of Arkham: Expansion,Grace Holdinghaus
Mansions of Madness: Second Edition – Recurring Nightmares: Figure and Tile Collection,Kara Centell-Dunk
Mansions of Madness: Second Edition – Recurring Nightmares: Figure and Tile Collection,Nikki Valens
Mansions of Madness: Second Edition – Suppressed Memories: Figure and Tile Collection,Kara Centell-Dunk
Mansions of Madness: Second Edition – Suppressed Memories: Figure and Tile Collection,Nikki Valens
A Feast for Odin: The Norwegians,Gernot Köpke
A Feast for Odin: The Norwegians,Uwe Rosenberg
Deutscher Spielepreis 2017 Goodie Box,(Uncredited)
"A Feast for Odin: Lofoten, Orkney, and Tierra del Fuego",Gernot Köpke
A Feast for Odin: New Special Tiles,Gernot Köpke
Food Chain Magnate: The Ketchup Mechanism & Other Ideas,Jeroen Doumen
Food Chain Magnate: The Ketchup Mechanism & Other Ideas,Joris Wiersinga
Blood Rage: Hili – The Even-Handed,Eric M. Lang
Blood Rage: 5th Player Expansion,Eric M. Lang
Blood Rage: Gods of Ásgard,Eric M. Lang
Blood Rage: Kickstarter Exclusives,Eric M. Lang
Blood Rage: Mystics of Midgard,Eric M. Lang
Kingdom Death: Monster – Abyssal Woods Expansion,Adam Poots
Kingdom Death: Monster – Ancient Root,Adam Poots
Kingdom Death: Monster – Anonymous Survivor Promo,Adam Poots
Kingdom Death: Monster – Black Knight Expansion,Adam Poots
Kingdom Death: Monster – Campaigns of Death Expansion,Adam Poots
Kingdom Death: Monster – Corsair Coat,Adam Poots
Kingdom Death: Monster – Death Armor Expansion,Adam Poots
Kingdom Death: Monster – False Messengers Promo,Adam Poots
Kingdom Death: Monster – First Hero Expansion,Adam Poots
Kingdom Death: Monster – Frogdog Expansion,Adam Poots
Power Grid: Fabled Expansion,Friedemann Friese
Brettspiel Adventskalender 2015,Matthias Nagy
Power Grid: High-Voltage DC Transmission Passage C,Friedemann Friese
Power Grid: The Stock Companies,Friedemann Friese
Power Grid: Australia & Indian Subcontinent,Friedemann Friese
Power Grid: Taxes,Friedemann Friese
Power Grid: Northern Europe/United Kingdom & Ireland,Friedemann Friese
Power Grid: Oracle & Industrial Espionage,Friedemann Friese
Power Grid: Québec/Baden-Württemberg,Friedemann Friese
Star Wars: Imperial Assault – Tyrants of Lothal,Tony Fanchi
Star Wars: Imperial Assault – Tyrants of Lothal,Todd Michlitsch
Star Wars: Imperial Assault – Tyrants of Lothal,Brandon Perdue
Star Wars: Imperial Assault – Alliance Rangers Ally Pack,Todd Michlitsch
Star Wars: Imperial Assault – Alliance Rangers Ally Pack,Paul Winchester
Star Wars: Imperial Assault – BT-1 and 0-0-0 Villain Pack,Todd Michlitsch
Star Wars: Imperial Assault – BT-1 and 0-0-0 Villain Pack,Paul Winchester
Tzolk'in: The Mayan Calendar – Mini Expansion 2,Simone Luciani
Tzolk'in: The Mayan Calendar – Mini Expansion 2,Daniele Tascini
Tzolk'in: The Mayan Calendar – Tribes & Prophecies,Simone Luciani
Tzolk'in: The Mayan Calendar – Tribes & Prophecies,Daniele Tascini
Tzolk'in: The Mayan Calendar – Mini Expansion 1,Simone Luciani
Tzolk'in: The Mayan Calendar – Mini Expansion 1,Daniele Tascini
Azul: Special Factories Promo,Michael Kiesling
Deutscher Spielepreis 2018 Goodie Box,(Uncredited)
Azul: Joker Tiles,Michael Kiesling
Eclipse:  Anticipation of the Elders,Touko Tahkokallio
Eclipse: Black Hole,Touko Tahkokallio
Eclipse: Gift of the Elders,Sampo Sikiö
Eclipse: Gift of the Elders,Touko Tahkokallio
Eclipse: Shadow of the Rift,Touko Tahkokallio
Eclipse: Nebula,Touko Tahkokallio
Eclipse: The Galactic North,Sampo Sikiö
Eclipse: The Galactic North,Touko Tahkokallio
Eclipse: Minions of the Solstice,Sampo Sikiö
Eclipse: Minions of the Solstice,Touko Tahkokallio
Eclipse: Ship Pack One,Touko Tahkokallio
Eclipse: Pulsar,Touko Tahkokallio
Eclipse: Rise of the Ancients,Touko Tahkokallio
Le Havre: Le Grand Hameau – Tablet with App,Grzegorz Kobiela
Le Havre: Le Grand Hameau – Tablet with App,Uwe Rosenberg
Le Havre: Le Grand Hameau,Grzegorz Kobiela
Le Havre: Le Grand Hameau,Uwe Rosenberg
Le Havre: Le Grand Hameau – Rattletrap car,Grzegorz Kobiela
Le Havre: Le Grand Hameau – Rattletrap car,Uwe Rosenberg
Le Havre: Le Grand Hameau – Wholesale Bakery,Grzegorz Kobiela
Le Havre: Le Grand Hameau – Wholesale Bakery,Uwe Rosenberg
Le Havre: Spielemesse Sonderkarte,Uwe Rosenberg
Le Havre Expansion: Essen Promo Cards,Uwe Rosenberg
Robinson Crusoe: Adventures on the Cursed Island – Mystery Tales,Joanna Kijanka
Robinson Crusoe: Adventures on the Cursed Island – Mystery Tales,Ignacy Trzewiczek
Robinson Crusoe: Adventure in the Neverland Junior,"Mariusz ""Gekon"" Goeck"
"Robinson Crusoe: Adventures on the Cursed Island – ""Time Travel"" Scenario",Themistoklis Dakanalis
Robinson Crusoe: Adventures on the Cursed Island – Hunting Adventures,Ignacy Trzewiczek
Robinson Crusoe: Adventures on the Cursed Island – In-Store Event Kit,Ignacy Trzewiczek
Robinson Crusoe: Adventures on the Cursed Island – Shelter Upgrades,Ignacy Trzewiczek
Robinson Crusoe: Adventures on the Cursed Island – Event Cards,Ignacy Trzewiczek
Robinson Crusoe: Adventures on the Cursed Island – Herb Garden and Pen,Ignacy Trzewiczek
The Voyages of Marco Polo: The Secret Paths of Marco Polo,Simone Luciani
The Voyages of Marco Polo: The Secret Paths of Marco Polo,Daniele Tascini
The Voyages of Marco Polo: Agents of Venice,Simone Luciani
The Voyages of Marco Polo: Agents of Venice,Daniele Tascini
The Voyages of Marco Polo: The New Characters,Simone Luciani
The Voyages of Marco Polo: The New Characters,Daniele Tascini
7 Wonders: Armada,Antoine Bauza
7 Wonders: Babel,Antoine Bauza
7 Wonders: Wonder Pack,Antoine Bauza
Empires (fan expansion for 7 Wonders),Scot Eaton
Game Wonders (fan expansion for 7 Wonders),Henrik Larsson
7 Wonders: Cities,Antoine Bauza
Keyflower: Boat 7,Sebastian Bleasdale
Keyflower: Boat 7,Richard Breese
Keyflower: Delivery Man,Sebastian Bleasdale
Keyflower: Delivery Man,Richard Breese
Keyflower: Developer,Sebastian Bleasdale
Keyflower: Developer,Richard Breese
Keyflower: Sorcerer,Sebastian Bleasdale
Keyflower: Sorcerer,Richard Breese
Keyflower: Keymelequin,Sebastian Bleasdale
Keyflower: Keymelequin,Richard Breese
Keyflower: Pig Shelter,Sebastian Bleasdale
Keyflower: Pig Shelter,Richard Breese
Keyflower: Beekeeper,Sebastian Bleasdale
Keyflower: Beekeeper,Richard Breese
Keyflower: The Merchants,Sebastian Bleasdale
Keyflower: The Merchants,Richard Breese
Keyflower: Trader,Sebastian Bleasdale
Keyflower: Trader,Richard Breese
Anachrony: Fractures of Time,Richard Amann
Anachrony: Fractures of Time,Viktor Peter
Anachrony: Fractures of Time,Dávid Turczi
Anachrony: The Sentry Post,Richard Amann
Anachrony: The Sentry Post,Viktor Peter
Anachrony: The Sentry Post,Dávid Turczi
Anachrony: Exosuit Commander Pack,Richard Amann
Anachrony: Exosuit Commander Pack,Viktor Peter
Anachrony: Exosuit Commander Pack,Dávid Turczi
Race for the Galaxy: Retrofit Cards,Thomas Lehmann
Race for the Galaxy: New Worlds Promo,Thomas Lehmann
Race for the Galaxy: Xeno Invasion,Thomas Lehmann
Patronage (fan expansion to Race for the Galaxy),ErikPeter Walker
Race for the Galaxy: Alien Artifacts,Thomas Lehmann
Race for the Galaxy: The Brink of War,Thomas Lehmann
Race for the Galaxy: Rebel vs Imperium,Thomas Lehmann
Race for the Galaxy: The Gathering Storm,Thomas Lehmann
Caylus Expansion: The Jeweller,William Attia
Root: The Exiles and Partisans Deck,Cole Wehrle
Root: The Underworld Expansion,Patrick Leder
Root: The Underworld Expansion,Cole Wehrle
Root: The Riverfolk Expansion,Cole Wehrle
Fields of Arle: New Travel Destination – Aachen,Uwe Rosenberg
Fields of Arle: New Travel Destination – Bad Wörishofen,Uwe Rosenberg
Fields of Arle: New Travel Destination – Baden,Uwe Rosenberg
Fields of Arle: New Travel Destination – Baltrum,Uwe Rosenberg
Fields of Arle: New Travel Destination – Kaiserslautern,Uwe Rosenberg
Fields of Arle: New Travel Destination – Würzburg,Uwe Rosenberg
Fields of Arle: New Travel Destination – Zürich,Uwe Rosenberg
Lords of Waterdeep: Rapid Expansion Promo Card,Peter Lee
Lords of Waterdeep: Rapid Expansion Promo Card,Rodney Thompson
Lords of Waterdeep: Scoundrels of Skullport,Chris Dupuis
Lords of Waterdeep: Scoundrels of Skullport,Peter Lee
Lords of Waterdeep: Scoundrels of Skullport,Rodney Thompson
Lords of Waterdeep: Inevitable Betrayal Promo Card,Peter Lee
Lords of Waterdeep: Inevitable Betrayal Promo Card,Rodney Thompson
Raging Sun (fan expansion to Rising Sun),Michael Gallo
Rising Sun: Daimyo Box,Eric M. Lang
Rising Sun: Dynasty Invasion,Eric M. Lang
Rising Sun: Kami Unbound,Eric M. Lang
Rising Sun: Monster Pack,Eric M. Lang
Twilight Imperium (Third Edition): Shards of the Throne,Corey Konieczka
Twilight Imperium (Third Edition): Shards of the Throne,Christian T. Petersen
Twilight Imperium (Third Edition): Shattered Empire,Corey Konieczka
Twilight Imperium (Third Edition): Shattered Empire,Christian T. Petersen
Five Tribes: Whims of the Sultan,Bruno Cathala
Five Tribes: The Thieves of Naqala,Bruno Cathala
Five Tribes: The Artisans of Naqala,Bruno Cathala
Five Tribes: Wilwit,Bruno Cathala
Five Tribes: Dhenim,Bruno Cathala
Eldritch Horror: Masks of Nyarlathotep,Dane Beltrami
Eldritch Horror: Masks of Nyarlathotep,Tim Uren
Eldritch Horror: Masks of Nyarlathotep,Nikki Valens
Eldritch Horror: Cities in Ruin,Nikki Valens
Eldritch Horror: The Dreamlands,Corey Konieczka
Eldritch Horror: The Dreamlands,Nikki Valens
Eldritch Horror: Signs of Carcosa,Corey Konieczka
Eldritch Horror: Signs of Carcosa,Nikki Valens
Eldritch Horror: Strange Remnants,Nikki Valens
Eldritch Horror: Under the Pyramids,Nikki Valens
Eldritch Horror: Forsaken Lore,Nikki Valens
Eldritch Horror: Mountains of Madness,Nikki Valens
The El Grande Expansions,Wolfgang Kramer
The El Grande Expansions,Richard Ulrich
El Grande: Grandissimo,Wolfgang Kramer
El Grande: Grandissimo,Richard Ulrich
El Grande: König & Intrigant – Player's Edition,Dirk Geilenkeuser
El Grande: König & Intrigant – Player's Edition,Klaus Geis
El Grande: König & Intrigant – Player's Edition,Marwin Geuß
El Grande: König & Intrigant – Player's Edition,Thomas Harms
El Grande: Grossinquisitor und Kolonien,Wolfgang Kramer
El Grande: Grossinquisitor und Kolonien,Richard Ulrich
El Grande: König & Intrigant,Wolfgang Kramer
El Grande: König & Intrigant,Richard Ulrich
El Grande: König & Intrigant – Unverkäufliche Sonderkarten,Wolfgang Kramer
El Grande: König & Intrigant – Unverkäufliche Sonderkarten,Richard Ulrich
Codenames: Bonuskaarten 2018,Vlaada Chvátil
Codenames: Cartes promo – Univers Geek,Vlaada Chvátil
Tajniacy: Obcy Agenci,Vlaada Chvátil
Codenames: Bonus Pack – Board Gaming (English),Vlaada Chvátil
Tajniacy: Nowi Agenci,Vlaada Chvátil
Tajniacy: Sami Nieswoi,Vlaada Chvátil
Codenames: Authors & Games,Vlaada Chvátil
Clank! Legacy: Acquisitions Incorporated – Upper Management Pack,Andy Clautice
Clank! Expeditions: Gold and Silk,Tim McKnight
Clank!: Expedition Leader,Paul Dennen
Clank!: The Mummy's Curse,Andy Clautice
Clank!: Brawn vs. Boots,Paul Dennen
Clank!: Enchanted Dice,Paul Dennen
Clank!: Friendly Watcher,Paul Dennen
Clank!: Magic Spectacles,Paul Dennen
Dominion: Renaissance,Donald X. Vaccarino
Dominion: Dismantle Promo Card,Donald X. Vaccarino
Dominion: Erweiterung – Basisspiel & Die Intrige,Donald X. Vaccarino
Dominion: Nocturne,Donald X. Vaccarino
Dominion: Empires,Donald X. Vaccarino
Dominion: Höflinge Promo Card,Donald X. Vaccarino
Dominion: Intrigue Update Pack,Donald X. Vaccarino
Dominion: Sauna / Avanto Promo Card,Donald X. Vaccarino
Dominion: Adventures,Donald X. Vaccarino
The Gallerist: Scoring Expansion,Vital Lacerda
The Gallerist: KS Stretch Goal Pack #2,Vital Lacerda
Patchwork: Automa,Lines J. Hutter
Patchwork: Automa,Morten Monrad Pedersen
Deutscher Spielepreis 2016 Goodie Box,(Uncredited)
Mombasa: Cooked Books Mini Expansion,Alexander Pfister
Mombasa: E1/E2 Company Track,Alexander Pfister
Battlestar Galactica: The Board Game – Daybreak Expansion,James Kniffen
Battlestar Galactica: The Board Game – Daybreak Expansion,Tim Uren
Battlestar Galactica: The Board Game – Exodus Expansion,Corey Konieczka
Battlestar Galactica: The Board Game – Exodus Expansion,Tim Uren
Battlestar Galactica: The Board Game – Pegasus Expansion,Daniel Clark (I)
Battlestar Galactica: The Board Game – Pegasus Expansion,Corey Konieczka
Battlestar Galactica: The Board Game – Pegasus Expansion,Tim Uren
Battlestar Galactica: Official Variant Rules,Corey Konieczka
Roll for the Galaxy: Rivalry,Wei-Hwa Huang
Roll for the Galaxy: Rivalry,Thomas Lehmann
Roll for the Galaxy: Bountiful Gaming Grid Promo Tile,Wei-Hwa Huang
Roll for the Galaxy: Bountiful Gaming Grid Promo Tile,Thomas Lehmann
Roll for the Galaxy: Terraforming Colony/Diversified Economy Promo Tile,Wei-Hwa Huang
Roll for the Galaxy: Terraforming Colony/Diversified Economy Promo Tile,Thomas Lehmann
Roll for the Galaxy: Ambition,Wei-Hwa Huang
Roll for the Galaxy: Ambition,Thomas Lehmann
Sherlock Holmes Consulting Detective: Murder Behind Closed Doors,Stefano Adriani
Sherlock Holmes Détective Conseil: L'Homme Sans Visage,Cédric Lapouge
Sherlock Holmes Détective Conseil: Les Masques Africains,Stéphane Anquetil
L'affaire Diavolo (Fan expansion for Sherlock Holmes Détective Conseil),Yann Gentil
Sherlock Holmes Consulente Investigativo: Il Mistero dell'Impiccato,Yann Gentil
Sherlock Holmes Détective Conseil: La Piste Tordue,Raymond Edwards
Sherlock Holmes Détective Conseil: La Piste Tordue,Suzanne Goldberg
Sherlock Holmes Détective Conseil: La Piste Tordue,Gary Grady
Sherlock Holmes Détective Conseil: La rançon du diable,Thomas Cauët
Sherlock Holmes Détective Conseil: Octobre 1891,Jean Millemann
Sherlock Holmes Détective Conseil: Oliver Stone,Jean Millemann
Sherlock Holmes Consulting Detective: Adventures by Gaslight,Jacques Thiriat
Sherlock Holmes Consulting Detective: Adventures by Gaslight,Nadine Thiriat
Troyes: The Ladies of Troyes,Sébastien Dujardin
Troyes: The Ladies of Troyes,Xavier Georges
Troyes: The Ladies of Troyes,Alain Orban
Troyes: Bonus Cards,Sébastien Dujardin
Troyes: Bonus Cards,Xavier Georges
Troyes: Bonus Cards,Alain Orban
Antic (fan expansion for T.I.M.E Stories),Vahnin Konstantin
T.I.M.E Stories: Madame,Fabien Riffaud
T.I.M.E Stories: Madame,Juan Rodriguez
T.I.M.E. Stories Revolution: The Hadal Project,Kevin Delp
T.I.M.E. Stories Revolution: The Hadal Project,Melissa Delp
La Cavale des Daltons (fan expansion for T.I.M.E Stories),Astanda
City of Souls (fan expansion for T.I.M.E Stories),Stephanie Pearce
Dilemma (fan expansion for T.I.M.E Stories),Mark Stockton-Pitt
Dreamland (fan expansion for T.I.M.E Stories),George Orthwein
Geologists (fan expansion for T.I.M.E Stories),Vahnin Konstantin
Russian Railroads: Juri Dreigleisky,Helmut Ohley
Russian Railroads: Juri Dreigleisky,"Leonhard ""Lonny"" Orgler"
Russian Railroads: American Railroads,Helmut Ohley
Russian Railroads: American Railroads,"Leonhard ""Lonny"" Orgler"
Russian Railroads: German Railroads,Helmut Ohley
Russian Railroads: German Railroads,"Leonhard ""Lonny"" Orgler"
Russian Railroads: Mini-Expansion,Helmut Ohley
Russian Railroads: Mini-Expansion,"Leonhard ""Lonny"" Orgler"
Euphrat & Tigris: Die Zikkurat,Reiner Knizia
Star Wars: X-Wing Miniatures Game – Saw's Renegades Expansion Pack,Jason Little
Star Wars: X-Wing Miniatures Game – TIE Reaper Expansion Pack,Jason Little
Star Wars: X-Wing Miniatures Game – Alpha-Class Star Wing Expansion Pack,Max Brooke
Star Wars: X-Wing Miniatures Game – Alpha-Class Star Wing Expansion Pack,Frank Brooks
Star Wars: X-Wing Miniatures Game – Alpha-Class Star Wing Expansion Pack,Alex Davy
Pandemic: Gen Con 2016 Promos – Z-Force Team Member/Game Convention,Michael Young
Pandemic: Promo Roles,Matt Leacock
Pandemic: State of Emergency,Matt Leacock
Pandemic: State of Emergency,Thomas Lehmann
Pandemic: In the Lab,Matt Leacock
Pandemic: In the Lab,Thomas Lehmann
Pandemic: On the Brink,Matt Leacock
Pandemic: On the Brink,Thomas Lehmann
"Pandemie: Uitbreiding ""De Generalist""",Matt Leacock
"Pandemie: Uitbreiding ""De Generalist""",Thomas Lehmann
Dominion: Renaissance,Donald X. Vaccarino
Dominion: Dismantle Promo Card,Donald X. Vaccarino
Dominion: Erweiterung – Basisspiel & Die Intrige,Donald X. Vaccarino
Dominion: Nocturne,Donald X. Vaccarino
Animals expansion (mini fan expansion for Dominion),Hardy Jackson
Dominion: Empires,Donald X. Vaccarino
Dominion: Höflinge Promo Card,Donald X. Vaccarino
Dominion: Intrigue (Second Edition),Donald X. Vaccarino
Dominion: Intrigue Update Pack,Donald X. Vaccarino
Dead of Winter: A Crossroads Game – BGG Crossroads Promo,Jonathan Gilmour
Dead of Winter: A Crossroads Game – BGG Crossroads Promo,Isaac Vega
Dead of Winter: KD James,Jonathan Gilmour
Dead of Winter: KD James,Isaac Vega
Dead of Winter: Meryl Wolfe,Jonathan Gilmour
Dead of Winter: Meryl Wolfe,Isaac Vega
Dead of Winter: Warring Colonies,Colby Dauch
Dead of Winter: Warring Colonies,Jonathan Gilmour
Dead of Winter: Warring Colonies,Timothy Meyer
Dead of Winter: Warring Colonies,Isaac Vega
Dead of Winter: Rich Sommer,Jonathan Gilmour
Dead of Winter: Rich Sommer,Isaac Vega
Dead of Winter: Rodney Smith,Jonathan Gilmour
Dead of Winter: Rodney Smith,Isaac Vega
Dead of Winter: Andrea Smith,Jonathan Gilmour
Dead of Winter: Andrea Smith,Isaac Vega
Dead of Winter: Dice Tower Crossroads Promo,Tom Vasel
Kemet: Seth,Jacques Bariot
Kemet: Seth,Guillaume Montiage
Kemet: Dice Tower Promo 2016,Jacques Bariot
Kemet: Dice Tower Promo 2016,Guillaume Montiage
Kemet: New Power Tiles,Jacques Bariot
Kemet: New Power Tiles,Guillaume Montiage
Kemet: Skills and Black Power Tile For Ta-Seti,Jacques Bariot
Kemet: Skills and Black Power Tile For Ta-Seti,Guillaume Montiage
Kemet: Ta-Seti,Jacques Bariot
Kemet: Ta-Seti,Guillaume Montiage
C3K: Creatures Crossover Cyclades/Kemet,Jacques Bariot
C3K: Creatures Crossover Cyclades/Kemet,Bruno Cathala
C3K: Creatures Crossover Cyclades/Kemet,Ludovic Maublanc
C3K: Creatures Crossover Cyclades/Kemet,Guillaume Montiage
Agricola: Corbarius Deck,Uwe Rosenberg
Agricola: Bubulcus Deck,Uwe Rosenberg
Agricola: Changelings,Klemens Franz
Agricola: Changelings,Hanno Girke
Agricola: Changelings,Uwe Rosenberg
Agricola: Farmers of the Moor,Uwe Rosenberg
Agricola Game Expansion: Blue,Uwe Rosenberg
Agricola Game Expansion: Green,Uwe Rosenberg
Agricola Game Expansion: Purple,Uwe Rosenberg
Agricola Game Expansion: Red,Uwe Rosenberg
Agricola Game Expansion: White,Uwe Rosenberg
Agricola Game Expansion: Yellow,Uwe Rosenberg
Descent: Journeys in the Dark (Second Edition) – Lost Legends Expansion Pack,Corey Konieczka
Descent: Journeys in the Dark (Second Edition) – Road to Legend,Nathan I. Hajek
Descent: Journeys in the Dark (Second Edition) – Road to Legend,Justin Kemppainen
Descent: Journeys in the Dark (Second Edition) – Shards of Everdark,Nathan I. Hajek
Descent: Journeys in the Dark (Second Edition) – The Chains That Rust,Corey Konieczka
Descent: Journeys in the Dark (Second Edition) – Bonds of the Wild,Kara Centell-Dunk
Descent: Journeys in the Dark (Second Edition) – Bonds of the Wild,Nathan I. Hajek
Descent: Journeys in the Dark (Second Edition) – Bonds of the Wild,Grace Holdinghaus
Descent: Journeys in the Dark (Second Edition) – Dark Elements,Jonathan E Bove
Descent: Journeys in the Dark (Second Edition) – Dark Elements,Nathan I. Hajek
Descent: Journeys in the Dark (Second Edition) – Heirs of Blood,Jonathan E Bove
Descent: Journeys in the Dark (Second Edition) – Heirs of Blood,Kara Centell-Dunk
Descent: Journeys in the Dark (Second Edition) – Heirs of Blood,Daniel Clark (I)
Descent: Journeys in the Dark (Second Edition) – Heirs of Blood,Nathan I. Hajek
Garphill Games 5-Year Anniversary Promo Pack,Shem Phillips
Raiders of the North Sea: Garphill Games 5-Year Anniversary Promos,Shem Phillips
Raiders of the North Sea: Ceedee Promo Card,Shem Phillips
Raiders of the North Sea: Fields of Fame,Shem Phillips
Raiders of the North Sea: Hall of Heroes,Shem Phillips
Raiders of the North Sea: Jarl Promo,Shem Phillips
Raiders of the North Sea: Outsiders,Shem Phillips
Raiders of the North Sea: Solo Variant,Shem Phillips
Raiders of the North Sea: The Meeple Men Promo Card,Shem Phillips
Raiders of the North Sea: The Mico Promo,Shem Phillips
Stone Age: Casino,Bernd Brunnhofer
Stone Age: The Expansion,Bernd Brunnhofer
Stone Age: The New Huts,Bernd Brunnhofer
Alchemists: The King's Golem,Matúš Kotry
Alchemists: Publisher,(Uncredited)
Alchemists: Ring of Favor,Matúš Kotry
Yokohama: Achievements & Free Agents Promo,Seth Jaffee
Aeon's End: Buried Secrets,Kevin Riley
Aeon's End: Echo Stone and Splinter Missile Promo,Kevin Riley
Aeon's End: The Ancients,Kevin Riley
Aeon's End: Thieving Spirit,Kevin Riley
Aeon's End: Tabletop Day 2017 Promos – Drown in Flames / Glyph Enigma,Kevin Riley
Aeon's End: The Nameless,Kevin Riley
Aeon's End: The Outer Dark,Kevin Riley
Aeon's End: The Void,Kevin Riley
Aeon's End: War Eternal – Promo Pack,Kevin Riley
Star Realms: Command Deck – Lost Fleet,Robert Dougherty
Star Realms: Command Deck – Lost Fleet,Darwin Kastle
Star Realms: Command Deck – The Alignment,Robert Dougherty
Star Realms: Command Deck – The Alignment,Darwin Kastle
Star Realms: Command Deck – The Alliance,Robert Dougherty
Star Realms: Command Deck – The Alliance,Darwin Kastle
Star Realms: Command Deck – The Coalition,Robert Dougherty
Star Realms: Command Deck – The Coalition,Darwin Kastle
Star Realms: Command Deck – The Pact,Robert Dougherty
Star Realms: Command Deck – The Pact,Darwin Kastle
Star Realms: Command Deck – The Union,Robert Dougherty
Star Realms: Command Deck – The Union,Darwin Kastle
Star Realms: Command Deck – The Unity,Robert Dougherty
Star Realms: Command Deck – The Unity,Darwin Kastle
Star Realms: Frontiers – Kickstarter Promos,Robert Dougherty
Star Realms: Frontiers – Kickstarter Promos,Darwin Kastle
Star Realms: Merc Destroyer Promo Card,Robert Dougherty
Star Realms: Merc Destroyer Promo Card,Darwin Kastle
War of the Ring: Scenario – The Breaking of the Fellowship,Kristofer Bengtsson
War of the Ring: Scenario – The Breaking of the Fellowship,Roberto Di Meglio
War of the Ring: Battles of the Third Age,Roberto Di Meglio
War of the Ring: Battles of the Third Age,Marco Maggi
War of the Ring: Battles of the Third Age,Francesco Nepitello
Legendary Encounters: An Alien Deck Building Game Expansion,Ben Cichoski
Legendary Encounters: An Alien Deck Building Game Expansion,Daniel Mandel
Legendary Encounters: ALIEN Conversion Kit,Ben Cichoski
Legendary Encounters: ALIEN Conversion Kit,Daniel Mandel
Champions of Midgard: Asian Monsters,Ole Steiness
Champions of Midgard: Bjorn Hammerblow the Fantastic promo,Ole Steiness
Champions of Midgard: Gullinkambi Public Boat Promo,Ole Steiness
Champions of Midgard: Meeple Monster Promo Card,Ole Steiness
Champions of Midgard: Mercenaries Land Journey Promo Card,Ole Steiness
Champions of Midgard: Merchant Ship Promo Cards,Ole Steiness
Champions of Midgard: Shipwreck Journey Promo Cards,Ole Steiness
Champions of Midgard: Draudan and Bergrisar King Promo Cards,Ole Steiness
Champions of Midgard: Jarl Edition,Ole Steiness
Champions of Midgard: The Dark Mountains,Ole Steiness
Castles of Mad King Ludwig: Secrets,Ted Alspach
Zamki szalonego króla Ludwika: Polskie zamki,Ted Alspach
Zamki szalonego króla Ludwika: Polskie zamki,Grzegorz Dabrowiecki
Brettspiel Adventskalender 2016,Matthias Nagy
Istanbul: Letters & Seals,Rüdiger Dorn
Istanbul: Pegasus Depot Mini Expansion,Rüdiger Dorn
Istanbul: Mocha & Baksheesh,Rüdiger Dorn
Istanbul: Kebab Shop Mini Expansion,Rüdiger Dorn
A Game of Thrones: The Board Game (Second Edition) – Mother of Dragons,Jason Walden
A Game of Thrones: The Board Game (Second Edition) – A Feast for Crows,Jason Walden
A Game of Thrones: The Board Game (Second Edition) – A Dance with Dragons,Christian T. Petersen
A Game of Thrones: The Board Game (Second Edition) – A Dance with Dragons,Jason Walden
Architects of the West Kingdom: Garphill Games 5-Year Anniversary Promos,Shem Phillips
Architects of the West Kingdom: Paladins Apprentices,Shem Phillips
Architects of the West Kingdom: Paladins Apprentices,S J Macdonald
Garphill Games 5-Year Anniversary Promo Pack,Shem Phillips
Architects of the West Kingdom: Extra Apprentices,Shem Phillips
Architects of the West Kingdom: Extra Apprentices,S J Macdonald
Architects of the West Kingdom: Extra Buildings,Shem Phillips
Architects of the West Kingdom: Extra Buildings,S J Macdonald
Architects of the West Kingdom: Extra Player Boards,Shem Phillips
Architects of the West Kingdom: Extra Player Boards,S J Macdonald
The Resistance: Avalon Promos,Don Eskridge
Santorini: Asteria,Gord!
Santorini: Hippolyta,Gord!
Santorini: Hydra,Gord!
Santorini: Iris,Gord!
Santorini: Iris,Michael Van Biesbrouck
Santorini: Nyx,Gord!
Santorini: Pegasus,Gord!
Santorini: Pegasus,Michael Van Biesbrouck
Santorini: Promo Pack,Gord!
Santorini: Promo Pack,Michael Van Biesbrouck
Santorini: Castor & Pollux,Gord!
Santorini: Castor & Pollux,Michael Van Biesbrouck
Santorini: Eris,Gord!
Santorini: Golden Fleece,Gord!
Teotihuacan: City of Gods – Man vs Meeple Promo,Daniele Tascini
"Teotihuacan: City of Gods – Pyramid Tile Promo, Red Temple",Daniele Tascini
Teotihuacan: Late Preclassic Period,Rainer Ahlfors
Teotihuacan: Late Preclassic Period,Andrei Novac
Teotihuacan: Late Preclassic Period,Daniele Tascini
Teotihuacan: City of Gods – Brettspiel Adventskalender 2018 Promo,Daniele Tascini
Teotihuacan: City of Gods – Brettspiel Adventskalender 2018 Promo,Dávid Turczi
Teotihuacan: City of Gods – Dice Settlers Promo,Daniele Tascini
Teotihuacan: City of Gods – Dice Settlers Promo,Dávid Turczi
