Igra,Avtor
Gloomhaven,Alexandr Elichev
Gloomhaven,Josh T. McDowell
Gloomhaven,Alvaro Nebot
Pandemic Legacy: Season 1,Chris Quilliams
Through the Ages: A New Story of Civilization,Filip Murmak
Through the Ages: A New Story of Civilization,Radim Pech
Through the Ages: A New Story of Civilization,Jakub Politzer
Through the Ages: A New Story of Civilization,Milan Vavroň
Terraforming Mars,Isaac Fryxelius
Twilight Struggle,Viktor Csete
Twilight Struggle,Rodger B. MacGowan
Twilight Struggle,Chechu Nieto
Twilight Struggle,Guillaume Ries
Twilight Struggle,Mark Simonitch
Star Wars: Rebellion,Matt Allsopp
Star Wars: Rebellion,David Ardila
Star Wars: Rebellion,Balaskas
Star Wars: Rebellion,Tiziano Baracchi
Gaia Project,Dennis Lohausen
Scythe,Jakub Rozalski
Twilight Imperium (Fourth Edition),Scott Schomburg
Great Western Trail,Andreas Resch
Terra Mystica,Dennis Lohausen
War of the Ring (Second Edition),John Howe
War of the Ring (Second Edition),Fabio Maiorana
The Castles of Burgundy,Julien Delval
The Castles of Burgundy,Harald Lieske
Brass: Birmingham,Lina Cossette
Brass: Birmingham,David Forest
Brass: Birmingham,Damien Mammoliti
Spirit Island,Jason Behnke
Spirit Island,Kat G Bermelin
Spirit Island,Loïc Billiau
Spirit Island,Cari Corene
7 Wonders Duel,Miguel Coimbra
The 7th Continent,Ludovic Roudy
Concordia,Marina Fahrenbach
Concordia,Mac Gerdts
Concordia,Dominik Mayer
Viticulture Essential Edition,Jacqui Davis
Viticulture Essential Edition,David Montgomery
Viticulture Essential Edition,Beth Sobel
Puerto Rico,Harald Lieske
Puerto Rico,Franz Vohwinkel
Arkham Horror: The Card Game,Christopher Hosch
Arkham Horror: The Card Game,Marcin Jakubowski
Arkham Horror: The Card Game,Ignacio Bazán Lazcano
Arkham Horror: The Card Game,Henning Ludvigsen
Brass: Lancashire,Lina Cossette
Brass: Lancashire,Peter Dennis
Brass: Lancashire,David Forest
Brass: Lancashire,Eckhard Freytag
Brass: Lancashire,Damien Mammoliti
Caverna: The Cave Farmers,Klemens Franz
Mage Knight Board Game,J. Lonnee
Mage Knight Board Game,Chris Raimo
Mage Knight Board Game,Milan Vavroň
Agricola,Klemens Franz
Orléans,Klemens Franz
Mansions of Madness: Second Edition,Cristi Balanescu
Mansions of Madness: Second Edition,Yoann Boissonnet
Mansions of Madness: Second Edition,Anders Finér
Mansions of Madness: Second Edition,Tony Foti
A Feast for Odin,Dennis Lohausen
Food Chain Magnate,Iris de Haan
Food Chain Magnate,Ynze Moedt
Blood Rage,Henning Ludvigsen
Blood Rage,Mike McVey
Blood Rage,Adrian Smith
Pandemic Legacy: Season 2,Atha Kanaani
Pandemic Legacy: Season 2,Chris Quilliams
Mechs vs. Minions,Danny Beck
Mechs vs. Minions,Tysen Henderson
Kingdom Death: Monster,Lokman Lam
Kingdom Death: Monster,Lorinda Tomko
Through the Ages: A Story of Civilization,Richard Cortes
Through the Ages: A Story of Civilization,Paul Niemeyer
Power Grid,Antonio Dessi
Power Grid,"Lars-Arne ""Maura"" Kalusky"
Power Grid,Prapach Lapamnuaysap
Power Grid,Harald Lieske
Star Wars: Imperial Assault,Arden Beckwith
Star Wars: Imperial Assault,Christopher Burdett
Star Wars: Imperial Assault,Rovina Cai
Star Wars: Imperial Assault,Lucas Durham
Tzolk'in: The Mayan Calendar,Milan Vavroň
Azul,Philippe Guérin
Azul,Chris Quilliams
Eclipse,Ossi Hiekkala
Eclipse,Sampo Sikiö
Le Havre,Klemens Franz
Robinson Crusoe: Adventures on the Cursed Island,Tomasz Bentkowski
Robinson Crusoe: Adventures on the Cursed Island,Mateusz Bielski
Robinson Crusoe: Adventures on the Cursed Island,Vincent Dutrait
Robinson Crusoe: Adventures on the Cursed Island,Jerzy Ferdyn
The Voyages of Marco Polo,Dennis Lohausen
Clans of Caledonia,Klemens Franz
Android: Netrunner,Bruno Balixa
Android: Netrunner,Ralph Beisner
Android: Netrunner,Del Borovic
Android: Netrunner,Gong Studios
7 Wonders,Antoine Bauza
7 Wonders,Miguel Coimbra
Keyflower,Juliet Breese
Keyflower,Jo Breese
Keyflower,Gemma Tegelaers
Anachrony,Villő Farkas
Anachrony,László Fejes
Anachrony,Laslo Forgach
Anachrony,Márton Gyula Kiss
Anachrony,Péter Meszlényi
Race for the Galaxy,Martin Hoffmann
Race for the Galaxy,Claus Stephan
Race for the Galaxy,Mirko Suzuki
Wingspan,Ana Maria Martinez Jaramillo
Wingspan,Natalia Rojas
Wingspan,Beth Sobel
Caylus,Cyril Demaegd
Caylus,Arnaud Demaegd
Caylus,Mike Doyle (I)
Dominant Species,Chad Jensen
Dominant Species,Rodger B. MacGowan
Dominant Species,Chechu Nieto
Dominant Species,Eric Williams (I)
Root,Kyle Ferrin
Fields of Arle,Dennis Lohausen
Lords of Waterdeep,Eric Belisle
Lords of Waterdeep,Steven Belledin
Lords of Waterdeep,Zoltan Boros
Lords of Waterdeep,Noah Bradley
Rising Sun,Edgar Skomorowski
Rising Sun,Adrian Smith
Twilight Imperium (Third Edition),Scott Schomburg
Twilight Imperium (Third Edition),Brian Schomburg
Twilight Imperium (Third Edition),Tyler Walpole
Five Tribes,Clément Masson
Eldritch Horror,Anders Finér
Eldritch Horror,David Griffith
Eldritch Horror,Ed Mattinian
Eldritch Horror,Patrick McEvoy
El Grande,Doris Matthäus
Codenames,Stéphane Gantiez
Codenames,Tomáš Kučerovský
Codenames,Filip Murmak
Clank!: A Deck-Building Adventure,Rayph Beisner
Clank!: A Deck-Building Adventure,Raul Ramos
Clank!: A Deck-Building Adventure,Nate Storm
Dominion: Intrigue,Matthias Catrein
Dominion: Intrigue,Julien Delval
Dominion: Intrigue,Martin Hoffmann
Dominion: Intrigue,Tomasz Jedruszek
The Gallerist,Ian O'Toole
Patchwork,Klemens Franz
Mombasa,Klemens Franz
Mombasa,Andreas Resch
Battlestar Galactica: The Board Game,Kevin Childress
Battlestar Galactica: The Board Game,Andrew Navaro
Battlestar Galactica: The Board Game,Brian Schomburg
Battlestar Galactica: The Board Game,WiL Springer
Roll for the Galaxy,Martin Hoffmann
Roll for the Galaxy,Claus Stephan
Roll for the Galaxy,Mirko Suzuki
Sherlock Holmes Consulting Detective: The Thames Murders & Other Cases,Bernard Bittler
Sherlock Holmes Consulting Detective: The Thames Murders & Other Cases,Arnaud Demaegd
Sherlock Holmes Consulting Detective: The Thames Murders & Other Cases,Nils Gulliksson
Sherlock Holmes Consulting Detective: The Thames Murders & Other Cases,Neriac
Troyes,Sébastien Dujardin
Troyes,Xavier Georges
Troyes,Alain Orban
Troyes,Alexandre Roche
T.I.M.E Stories,Ben Carre
T.I.M.E Stories,David Lecossu
T.I.M.E Stories,Pascal Quidault
Russian Railroads,Martin Hoffmann
Russian Railroads,Claus Stephan
Tigris & Euphrates,Bascu
Tigris & Euphrates,Christine Conrad
Tigris & Euphrates,Doris Matthäus
Tigris & Euphrates,Tom Thiel
Trajan,Jo Hartwig
Star Wars: X-Wing Miniatures Game,Matt Allsopp
Star Wars: X-Wing Miniatures Game,Sacha Angel Diener
Star Wars: X-Wing Miniatures Game,Jon Bosco
Star Wars: X-Wing Miniatures Game,Matt Bradbury
Pandemic,Josh Cappel
Pandemic,Christian Hanisch
Pandemic,Régis Moulun
Pandemic,Chris Quilliams
Pandemic,Tom Thiel
Dominion,Matthias Catrein
Dominion,Julien Delval
Dominion,Tomasz Jedruszek
Dominion,Ryan Laukat
Dead of Winter: A Crossroads Game,David Richards
Dead of Winter: A Crossroads Game,Fernanda Suárez
Dead of Winter: A Crossroads Game,Peter Wocken
Lisboa,Ian O'Toole
Kemet,Dimitri Bielak
Kemet,Emile Denis
Kemet,Nicolas Fructus
Pandemic: Iberia,Atha Kanaani
Pandemic: Iberia,Chris Quilliams
Agricola (Revised Edition),Klemens Franz
Descent: Journeys in the Dark (Second Edition),Alex Aparin
Descent: Journeys in the Dark (Second Edition),Devon Caddy-Lee
Descent: Journeys in the Dark (Second Edition),Sylvain Decaux
Descent: Journeys in the Dark (Second Edition),Tod Gelle
Raiders of the North Sea,Mihajlo Dimitrievski
Stone Age,Michael Menzel
Alchemists,David Cochard
Yokohama,Hisashi Hayashi
Yokohama,Adam P. McIver
Yokohama,Ryo Nyamo
Aeon's End,Gong Studios
Aeon's End,Scott Hartman
Star Realms,Vito Gesualdi
War of the Ring (First Edition),John Howe
War of the Ring (First Edition),Matteo Macchi
War of the Ring (First Edition),Fabio Maiorana
War of the Ring (First Edition),Mizio Mencarini
War of the Ring (First Edition),Bob Naismith
Champions of Midgard,Víctor Pérez Corbella
Castles of Mad King Ludwig,Keith Curtis
Castles of Mad King Ludwig,Agnieszka Dabrowiecka
Castles of Mad King Ludwig,Ollin Timm
Istanbul,Andreas Resch
Istanbul,Hans-Georg Schneider
A Game of Thrones: The Board Game (Second Edition),Tomasz Jedruszek
A Game of Thrones: The Board Game (Second Edition),Henning Ludvigsen
Architects of the West Kingdom,Mihajlo Dimitrievski
The Resistance: Avalon,Luis Francisco
The Resistance: Avalon,George Patsouras
The Resistance: Avalon,Nan Sumana
The Resistance: Avalon,Rafał Szyma
Santorini,Lina Cossette
Santorini,David Forest
Teotihuacan: City of Gods,Odysseas Stamoglou
Grand Austria Hotel,Klemens Franz
Ticket to Ride: Europe,Cyrille Daujean
Ticket to Ride: Europe,Julien Delval
Chaos in the Old World,Tim Arney-O'Neil
Chaos in the Old World,Kevin Childress
Chaos in the Old World,Andrew Navaro
Chaos in the Old World,Brian Schomburg
Chaos in the Old World,WiL Springer
Railways of the World,Kurt Miller
Railways of the World,Paul Niemeyer
Railways of the World,David Oram
Ora et Labora,Klemens Franz
Suburbia,Ted Alspach
Suburbia,Klemens Franz
Suburbia,Ollin Timm
Commands & Colors: Ancients,Rodger B. MacGowan
Inis,Dimitri Bielak
Inis,Jim Fitzpatrick
Arcadia Quest,Andrea Cofrancesco
Arcadia Quest,Mathieu Harlaut
Nations,Ossi Hiekkala
Nations,Jere Kasanen
Nations,Paul Laane
Nations,Frida Lögdberg
The Lord of the Rings: The Card Game,Even Mehl Amundsen
The Lord of the Rings: The Card Game,Erfian Asafat
The Lord of the Rings: The Card Game,Tiziano Baracchi
The Lord of the Rings: The Card Game,Ryan Barger
Captain Sonar,Ervin
Captain Sonar,Sabrina Tobal
Lorenzo il Magnifico,Klemens Franz
Lorenzo il Magnifico,Andrea Kattnig
Lorenzo il Magnifico,Andreas Resch
Codenames: Duet,Tomáš Kučerovský
Dinosaur Island,Kwanchai Moriya
Dinosaur Island,Peter Wocken
Dinosaur Island,Anthony Wocken
Jaipur,Vincent Dutrait
Jaipur,Alexandre Roche
Paths of Glory,Charles Kibler
Paths of Glory,Terry Leeds
Paths of Glory,Rodger B. MacGowan
Paths of Glory,Mark Simonitch
Cosmic Encounter,Andrew Navaro
Combat Commander: Europe,Lee Brimmicombe-Wood
Combat Commander: Europe,Chad Jensen
Combat Commander: Europe,Rodger B. MacGowan
Combat Commander: Europe,Leland Myrick
Combat Commander: Europe,Mark Simonitch
Near and Far,Ryan Laukat
Hansa Teutonica,Dennis Lohausen
Memoir '44,Cyrille Daujean
Memoir '44,Julien Delval
Memoir '44,Don Perrin
Memoir '44,Claude Rica
Clank! In! Space!,Rayph Beisner
Clank! In! Space!,Raul Ramos
Clank! In! Space!,Le Rastislav
Clank! In! Space!,Nate Storm
Clank! In! Space!,Franz Vohwinkel
Village,Dennis Lohausen
Sagrada,Adrian Adamescu
Sagrada,Daryl Andrews
Sagrada,Peter Wocken
Too Many Bones,Josh J. Carlson
Too Many Bones,Anthony LeTourneau
Goa,Oliver Freudenreich
Chronicles of Crime,Matijos Gebreselassie
Chronicles of Crime,Mateusz Komada
Chronicles of Crime,Katarzyna Kosobucka
Age of Steam,Sean Brown
Age of Steam,Peter Dennis
Age of Steam,Paul Niemeyer
Age of Steam,Ian O'Toole
Ticket to Ride: Nordic Countries,Cyrille Daujean
Ticket to Ride: Nordic Countries,Julien Delval
Splendor,Pascal Quidault
La Granja,Harald Lieske
Tichu,Kerri Aitken
Tichu,Res Brandenberger
Tichu,François Bruel
Tichu,Philippe Guérin
Steam,John Austin
Steam,Jared Blando
Steam,Craig Hamilton
Steam,Christopher Moeller
Zombicide: Black Plague,Nicolas Fructus
Zombicide: Black Plague,Jérémy Masson
Go,(Uncredited)
The Princes of Florence,Arnaud Demaegd
The Princes of Florence,Eckhard Freytag
The Princes of Florence,Wolfgang Kramer
The Princes of Florence,Mirco Paganessi
Legendary: A Marvel Deck Building Game,Julius Abrea
Legendary: A Marvel Deck Building Game,Will Conrad
Legendary: A Marvel Deck Building Game,Bien Flores
Legendary: A Marvel Deck Building Game,Katrina Mae Hao
Vinhos Deluxe Edition,Ian O'Toole
Viticulture,Jacqui Davis
Viticulture,David Montgomery
Viticulture,Beth Sobel
Ticket to Ride,Cyrille Daujean
Ticket to Ride,Julien Delval
Targi,Taira Akitsu
Targi,Franz Vohwinkel
Sekigahara: The Unification of Japan,Rodger B. MacGowan
Sekigahara: The Unification of Japan,Mark Mahaffey
This War of Mine: The Board Game,Paweł Niziołek
This War of Mine: The Board Game,Michał Oracz
This War of Mine: The Board Game,Piotr Gacek
Xia: Legends of a Drift System,Cody Miller
Xia: Legends of a Drift System,"Steve ""Coolhand"" Tyler"
Xia: Legends of a Drift System,Peter Wocken
Endeavor: Age of Sail,Josh Cappel
Ra,Allison Kline
Ra,Franz Vohwinkel
Shogun,Michael Menzel
Magic: The Gathering,Victor Adame
Magic: The Gathering,Miao Aili
Magic: The Gathering,Randis Albion
Magic: The Gathering,Rob Alexander
Galaxy Trucker,Tomáš Kučerovský
Galaxy Trucker,Radim Pech
Cyclades,Miguel Coimbra
Carcassonne,Doris Matthäus
Carcassonne,Anne Pätzke
Carcassonne,Chris Quilliams
Carcassonne,Klaus-Jürgen Wrede
Trickerion: Legends of Illusion,Villő Farkas
Trickerion: Legends of Illusion,László Fejes
Star Realms: Colony Wars,Vito Gesualdi
Imperial Settlers,Mateusz Bielski
Imperial Settlers,Tomasz Jedruszek
Imperial Settlers,Jarosław Marcinek
Imperial Settlers,Rafał Szyma
YINSH,Kris Burm
YINSH,lu'cifer
Charterstone,Lina Cossette
Charterstone,David Forest
Charterstone,Gong Studios
Decrypto,Fabien Fulchiron
Decrypto,NILS
Decrypto,Manuel Sanchez
Sushi Go Party!,Nan Rangsima
Lewis & Clark,Vincent Dutrait
Imperial,Matthias Catrein
Glory to Rome,Ed Carter
Glory to Rome,Valerio Cioni
Glory to Rome,Klemens Franz
Glory to Rome,Felix Girke
Power Grid Deluxe: Europe/North America,Harald Lieske
Dungeon Petz,David Cochard
Deception: Murder in Hong Kong,Marcin Adamski
Deception: Murder in Hong Kong,Ben Carre
Deception: Murder in Hong Kong,Tommy Ng
Deception: Murder in Hong Kong,Ari Wong
Age of Empires III: The Age of Discovery,Paul Niemeyer
Age of Empires III: The Age of Discovery,Jacoby O'Connor
Age of Empires III: The Age of Discovery,James Provenzale
Isle of Skye: From Chieftain to King,Klemens Franz
1960: The Making of the President,Josh Cappel
Bora Bora,Alexander Jung
1830: Railways & Robber Barons,Mike Atkinson
1830: Railways & Robber Barons,Jared Blando
1830: Railways & Robber Barons,Charles Kibler
1830: Railways & Robber Barons,James Talbot
1830: Railways & Robber Barons,Mark Zug
Hero Realms,Randy Delven
Hero Realms,Vito Gesualdi
Hero Realms,Antonis Papantoniou
Hannibal: Rome vs. Carthage,Joe Amoral
Hannibal: Rome vs. Carthage,Mike Doyle (I)
Hannibal: Rome vs. Carthage,Rick Gondeck
Hannibal: Rome vs. Carthage,Kurt Miller
Summoner Wars: Master Set,JJ Ariosa
Summoner Wars: Master Set,Gary Simpson
BattleLore (Second Edition),Henning Ludvigsen
Runewars,Kevin Childress
Runewars,Jesper Ejsing
Runewars,Moy Shin Hung
Runewars,Andrew Navaro
Seasons,Xavier Gueniffey Durin
Seasons,Stéphane Gantiez
Space Alert,Radim Pech
Space Alert,Milan Vavroň
Secret Hitler,Mackenzie Schubert
Kanban: Driver's Edition,Naomi Robinson
Exit: The Game – The Abandoned Cabin,Inka Brand
Exit: The Game – The Abandoned Cabin,Markus Brand
Exit: The Game – The Abandoned Cabin,Silvia Christoph
Exit: The Game – The Abandoned Cabin,Franz Vohwinkel
Everdell,Andrew Bosley
Dead of Winter: The Long Night,Gunship Revolution
Dead of Winter: The Long Night,Joshua Panelo
Dead of Winter: The Long Night,David Richards
Dead of Winter: The Long Night,Fernanda Suárez
Dead of Winter: The Long Night,Peter Wocken
Dixit: Odyssey,Marie Cardouat
Dixit: Odyssey,Pierô
Alien Frontiers,Piotr Burzykowski
Alien Frontiers,Karim Chakroun
Alien Frontiers,Ross Grams
Alien Frontiers,Mark Maxwell
Welcome To...,Anne Heidsieck
Mage Wars Arena,Drew Baker
Mage Wars Arena,Tiziano Baracchi
Mage Wars Arena,Claire Beard
Mage Wars Arena,Leonardo Borazio
Navegador,Marina Fahrenbach
Navegador,Mac Gerdts
Samurai,Franz Vohwinkel
Imperial 2030,Alexander Jung
Fury of Dracula (third/fourth edition),Chris Beck
Fury of Dracula (third/fourth edition),Samuel Shimota
Mysterium,Igor Burlakov
Mysterium,Xavier Collette
Mysterium,Oleksandr Nevskiy
Mysterium,Oleg Sidorenko
Above and Below,Ryan Laukat
Rajas of the Ganges,Dennis Lohausen
Indonesia,Jeroen Kesselaar
Indonesia,Ynze Moedt
That's Pretty Clever,Leon Schiffer
Antiquity,Ynze Moedt
Battle Line,Roland MacDonald
Battle Line,Rodger B. MacGowan
Battle Line,Mark Simonitch
Kingdomino,Cyril Bouquet
Burgle Bros.,Virginia Critchfield
Burgle Bros.,Ryan Goldsberry
Burgle Bros.,Heiko Günther
Here I Stand,Rodger B. MacGowan
Here I Stand,Mark Simonitch
Sid Meier's Civilization: The Board Game,Henning Ludvigsen
Coimbra,Chris Quilliams
Rococo,Michael Menzel
Detective: A Modern Crime Board Game,Aga Jakimiec
Detective: A Modern Crime Board Game,Ewa Kostorz
Detective: A Modern Crime Board Game,Rafał Szyma
Onitama,Jun Kondo
Onitama,Mariusz Szmerdt
Dungeon Lords,David Cochard
The Resistance,Luis Francisco
The Resistance,Luis Franco
The Resistance,Piotr Haraszczak
The Resistance,Jihoon Jang
The Manhattan Project: Energy Empire,Josh Cappel
The Manhattan Project: Energy Empire,Jeffrey Edwards
Small World,Miguel Coimbra
Small World,Cyrille Daujean
Star Wars: Armada,Ben Zweifel
Letters from Whitechapel,Gianluca Santopietro
Agricola: All Creatures Big and Small,Klemens Franz
Flamme Rouge,Ossi Hiekkala
Flamme Rouge,Jere Kasanen
Hive,John Yianni
Modern Art,Carole Carrion
Modern Art,Manuel Carvalho
Modern Art,Chen Cheng-po
Modern Art,Mike Doyle (I)
Mission: Red Planet (Second Edition),Andrew Bosley
Mission: Red Planet (Second Edition),Samuel Shimota
Mission: Red Planet (Second Edition),Alyn Spiller
Merchants & Marauders,Ben Nelson
Merchants & Marauders,Chris Quilliams
Bruges,Michael Menzel
Ghost Stories,Pierô
Roll Player,JJ Ariosa
Roll Player,Luis Francisco
Dixit,Marie Cardouat
Acquire,Scott Okumura
Acquire,Peter Whitley
Die Macher,Marcus Gschwendtner
Die Macher,Harald Lieske
Tikal,Mariusz Gandzel
Tikal,Paul Mafayon
Tikal,Christophe Swal
Tikal,Franz Vohwinkel
Glass Road,Dennis Lohausen
Century: Spice Road,David Richards
Century: Spice Road,Fernanda Suárez
Evolution: Climate,Ben Goldman
Evolution: Climate,Catherine Hamilton
Evolution: Climate,Jacoby O'Connor
Ethnos,John Howe
Tyrants of the Underdark,Steve Ellis (I)
Neuroshima Hex! 3.0,Mateusz Bielski
Neuroshima Hex! 3.0,Piotr Cieśliński
Neuroshima Hex! 3.0,Piotr Foksowicz
Neuroshima Hex! 3.0,Jakub Jabłoński
Telestrations,(Uncredited)
Hanamikoji,Maisherly
Pulsar 2849,Sören Meding
Endeavor,Josh Cappel
Endeavor,Klemens Franz
Endeavor,Hanno Girke
Claustrophobia,Bertrand Benoit
Claustrophobia,Aleksi Briclot
Claustrophobia,Stéphane Gantiez
Cthulhu Wars,Kev Adams
Cthulhu Wars,Ian Brumby
Cthulhu Wars,Jo Brumby
Cthulhu Wars,Chaz Elliott
Takenoko,Nicolas Fructus
Takenoko,Picksel
Takenoko,Yuio
Blood Bowl: Living Rulebook,Carl Critchlow
Blood Bowl: Living Rulebook,Wayne England
Blood Bowl: Living Rulebook,David Gallagher
Blood Bowl: Living Rulebook,Pete Knifton
Blood Bowl: Living Rulebook,Richard Wright
Notre Dame,Harald Lieske
Tiny Epic Galaxies,William Bricker
Tiny Epic Galaxies,Benjamin Shulman
Clash of Cultures,Chris Quilliams
Love Letter,Kali Fitzgerald
Love Letter,Andrew Hepworth
Love Letter,Jeff Himmelman
Love Letter,John Kovalic
In the Year of the Dragon,Harald Lieske
In the Year of the Dragon,Michael Menzel
Advanced Squad Leader,Nicolás Eskubi
Advanced Squad Leader,Charles Kibler
Advanced Squad Leader,Rodger B. MacGowan
Dune,Jean Baer
Dune,Linda Bound
Dune,Fabrice Lamy
Dune,Christophe Peulvast
The Quacks of Quedlinburg,Dennis Lohausen
The Quacks of Quedlinburg,Wolfgang Warsch
The Manhattan Project,Viktor Csete
The Manhattan Project,Clay Gardner
The Manhattan Project,Sergi Marcet
San Juan,Franz Vohwinkel
Mice and Mystics,JJ Ariosa
Mice and Mystics,Chad Hoverter
Mice and Mystics,David Richards
Civilization,Ed Dovey
Civilization,Charles Kibler
Civilization,Rodger B. MacGowan
Civilization,Guillaume Rohmer
Civilization,Dale Sheaffer
Codenames: Pictures,David Cochard
Codenames: Pictures,Jana Kilianová
Codenames: Pictures,Tomáš Kučerovský
Codenames: Pictures,Filip Neduk
Codenames: Pictures,Michal Suchánek
Survive: Escape from Atlantis!,David Ausloos
Survive: Escape from Atlantis!,Julian Courtland-Smith
Survive: Escape from Atlantis!,Jean Brice Dugait
Survive: Escape from Atlantis!,Stéphane Gantiez
Survive: Escape from Atlantis!,Andrew White
Lords of Hellas,Piotr Gacek
The Pillars of the Earth,Michael Menzel
The Pillars of the Earth,Anke Pohl
The Pillars of the Earth,Thilo Rick
BattleCON: Devastation of Indines,Fábio Fontes
BattleCON: Devastation of Indines,Danny Hirajeta
BattleCON: Devastation of Indines,Victoria Parker
BattleCON: Devastation of Indines,Eunice Abigael Tiu
Space Hulk (third edition),John Blanche
Space Hulk (third edition),Alex Boyd
Space Hulk (third edition),Robin Carey
Space Hulk (third edition),Paul Dainton
Saint Petersburg,Doris Matthäus
The Quest for El Dorado,Franz Vohwinkel
Nemesis,Piotr Foksowicz
Nemesis,Ewa Labak
Nemesis,Patryk Jędraszek
Nemesis,Paweł Samborski
King of Tokyo,Gabriel Butik
King of Tokyo,Romain Gaschet
King of Tokyo,Igor Polouchine
King of Tokyo,Benjamin Raynal
At the Gates of Loyang,Klemens Franz
At the Gates of Loyang,Scott Hartman
Ticket to Ride: Märklin,Cyrille Daujean
Ticket to Ride: Märklin,Julien Delval
Nippon,Mariano Iannelli
Aeon's End: War Eternal,Gong Studios
Aeon's End: War Eternal,Stephanie Gustafsson
Aeon's End: War Eternal,Scott Hartman
Aeon's End: War Eternal,Daniel Solis
Blood Bowl: Team Manager – The Card Game,Erfian Asafat
Blood Bowl: Team Manager – The Card Game,Daren Bader
Blood Bowl: Team Manager – The Card Game,Dimitri Bielak
Blood Bowl: Team Manager – The Card Game,Yoann Boissonnet
Century: Golem Edition,Justin Chan
Century: Golem Edition,Chris Quilliams
Century: Golem Edition,Fernanda Suárez
Bruxelles 1893,Alexandre Roche
Macao,Julien Delval
Macao,Harald Lieske
Arboretum,Philippe Guérin
Arboretum,Chris Quilliams
Arboretum,Beth Sobel
Arboretum,Waldo Ramirez
Arkham Horror,Anders Finér
Arkham Horror,Rafał Hrynkiewicz
Arkham Horror,Henning Ludvigsen
Arkham Horror,Patrick McEvoy
Risk Legacy,Richard Edwards
Risk Legacy,Jason Taylor
Maria,Hans Baltzer
Maria,Richard Shako
Maria,Richard Stubenvoll
Maria,Andreas Töpfer
Fresco,Oliver Schlemmer
For Sale,Óscar Aguado
For Sale,Alvin Madden
For Sale,Catell Ruz
For Sale,Uros Vuckovic
For Sale,Klaus Wilinski
Harry Potter: Hogwarts Battle,Joe Van Wetering
A Few Acres of Snow,Peter Dennis
Lancaster,Martin Hoffmann
Lancaster,Claus Stephan
51st State: Master Set,Grzegorz Bobrowski
Sherlock Holmes Consulting Detective: Jack the Ripper & West End Adventures,Bernard Bittler
Sherlock Holmes Consulting Detective: Jack the Ripper & West End Adventures,Arnaud Demaegd
Sherlock Holmes Consulting Detective: Jack the Ripper & West End Adventures,Neriac
Sherlock Holmes Consulting Detective: Jack the Ripper & West End Adventures,Pascal Quidault
San Juan (Second Edition),Harald Lieske
San Juan (Second Edition),Mia Steingräber
Glen More,Loïc Billiau
Glen More,Harald Lieske
Flash Point: Fire Rescue,Luis Francisco
Flash Point: Fire Rescue,George Patsouras
Quadropolis,Cyrille Daujean
Quadropolis,Sabrina Miramon
Millennium Blades,Fábio Fontes
BattleLore,Miguel Coimbra
BattleLore,Cyrille Daujean
BattleLore,Julien Delval
BattleLore,Nicolas Fructus
BattleLore,Christophe Madura
Sheriff of Nottingham,Lorraine Schleter
Sheriff of Nottingham,David Sladek
1775: Rebellion,Jarek Nocoń
1775: Rebellion,Steve Paschal
Lord of the Rings: The Confrontation,Daarken
Lord of the Rings: The Confrontation,Chris Dien
Lord of the Rings: The Confrontation,John Gravato
Lord of the Rings: The Confrontation,John Howe
Altiplano,Klemens Franz
Altiplano,Andrea Kattnig
Altiplano,Jeff Oglesby
Heaven & Ale,Christian Fiore
Underwater Cities,Milan Vavroň
Heroscape Master Set: Rise of the Valkyrie,Stephen Baker
Heroscape Master Set: Rise of the Valkyrie,Rob Daviau
Heroscape Master Set: Rise of the Valkyrie,Craig Van Ness
Shadows of Brimstone: City of the Ancients,Gaël Goumon
Shadows of Brimstone: City of the Ancients,Jack Scott Hill
Shadows of Brimstone: City of the Ancients,Ralph Horsley
Shadows of Brimstone: City of the Ancients,Tomasz Jedruszek
Firefly: The Game,Charles Woods
Kingsburg,Mad4GameStyle
Blood Bowl (Third Edition),Wayne England
Blood Bowl (Third Edition),David Gallagher
Blood Bowl (Third Edition),Richard Wright
Pandemic: The Cure,Bernard Bittler
Pandemic: The Cure,Philippe Guérin
Pandemic: The Cure,Chris Quilliams
Amun-Re,Isidre Monés
Amun-Re,Franz Vohwinkel
Mansions of Madness,Christopher Burdett
Mansions of Madness,Anders Finér
Mansions of Madness,Henning Ludvigsen
Amerigo,Harald Lieske
Amerigo,Claus Stephan
Forbidden Desert,C. B. Canga
Forbidden Desert,Tyler Edlin
Innovation,Carl Chudyk
Innovation,Cara Judd
Innovation,Robin Olausson
Innovation,Anders Olausson
Bärenpark,Klemens Franz
Descent: Journeys in the Dark,Jesper Ejsing
Descent: Journeys in the Dark,John Goodenough
Descent: Journeys in the Dark,Frank Walls
London (first edition),Mike Atkinson
London (first edition),Natalia Borek
London (first edition),Peter Dennis
London (first edition),Simon Jannerland
London (first edition),Przemysław Sobiecki
Spartacus: A Game of Blood & Treachery,Charles Woods
Lost Cities,Vincent Dutrait
Lost Cities,Grafik Studio Krüger
Lost Cities,Michaela Kienle
Lost Cities,Anke Pohl
The Godfather: Corleone's Empire,Nicolas Fructus
The Godfather: Corleone's Empire,Karl Kopinski
The Godfather: Corleone's Empire,Richard Wright
Stockpile,Jacqui Davis
Stockpile,Ian O'Toole
Dice Forge,Biboun
Sentinels of the Multiverse,Adam Rebottaro
The Great Zimbabwe,Ynze Moedt
Hanabi,Antoine Bauza
Hanabi,Gérald Guerlais
Hanabi,Albertine Ralenti
Archipelago,Vincent Boulanger
Archipelago,Ismaël Pommaz
Archipelago,Chris Quilliams
Mythic Battles: Pantheon,Georges Clarenko
Mythic Battles: Pantheon,David Demaret
Mythic Battles: Pantheon,Viktor Dragosani
Mythic Battles: Pantheon,Vincent Dutrait
The Grizzled,Tignous
Egizia,Franz Vohwinkel
Raptor,Vincent Dutrait
Roads & Boats,Herman Haverkort
Roads & Boats,Tamara Jannink
Biblios,Steve Finn
Biblios,David Palumbo
"Labyrinth: The War on Terror, 2001 – ?",Donal Hegarty
"Labyrinth: The War on Terror, 2001 – ?",Rodger B. MacGowan
"Labyrinth: The War on Terror, 2001 – ?",Leland Myrick
"Labyrinth: The War on Terror, 2001 – ?",Volko Ruhnke
"Labyrinth: The War on Terror, 2001 – ?",Mark Simonitch
Pandemic: Reign of Cthulhu,Fred Jordan
Pandemic: Reign of Cthulhu,Atha Kanaani
Pandemic: Reign of Cthulhu,Paul Kluka
Pandemic: Reign of Cthulhu,Chris Quilliams
Madeira,Mariano Iannelli
Catan,Volkan Baga
Catan,Tanja Donner
Catan,Pete Fenlon
Catan,Jason Hawkins
One Night Ultimate Werewolf,Gus Batts
Small World Underground,Miguel Coimbra
Commands & Colors: Napoleonics,Pierre Benigni
Commands & Colors: Napoleonics,Pascal da Silva
Commands & Colors: Napoleonics,Donal Hegarty
Commands & Colors: Napoleonics,Rodger B. MacGowan
Commands & Colors: Napoleonics,Mark Simonitch
Deus,Maëva da Silva
Deus,Christine Deschamps
Deus,Paul Laffond
Deus,Maëva Dasilva
Deus,Ian Parovel
Pathfinder Adventure Card Game: Rise of the Runelords – Base Set,Noah Bradley
Pathfinder Adventure Card Game: Rise of the Runelords – Base Set,Vincent Dutrait
Legends of Andor,Michaela Kienle
Legends of Andor,Michael Menzel
Star Wars: Destiny,Lucas Durham
Star Wars: Destiny,Vlad Ricean
Colt Express,Ian Parovel
Colt Express,Jordi Valbuena
Earth Reborn,Christophe Boelinger
Earth Reborn,David Goujard
Earth Reborn,Paul Mafayon
Earth Reborn,Thierry Masson
Photosynthesis,Sabrina Miramon
Friday,Harald Lieske
Friday,Marcel-André Casasola Merkle
Airlines Europe,Christian Fiore
Santa Maria,Gjermund Bohne
First Class: All Aboard the Orient Express!,Michael Menzel
PitchCar,Jean du Poël
Libertalia,Ben Carre
Libertalia,Stéphane Gantiez
Freedom: The Underground Railroad,Jarek Nocoń
Freedom: The Underground Railroad,Steve Paschal
Vinhos,Mariano Iannelli
Euphoria: Build a Better Dystopia,Jacqui Davis
Abyss,Xavier Collette
Vikings,Harald Lieske
Vikings,Michael Menzel
Shadows over Camelot,Cyrille Daujean
Shadows over Camelot,Julien Delval
Ginkgopolis,Gaël Lannurien
Elysium,McCambridge
Hammer of the Scots,Karim Chakroun
Hammer of the Scots,Mark Churms
Hammer of the Scots,Tom Dalgliesh
Hammer of the Scots,Jerry Taylor
Taj Mahal,Franz Vohwinkel
Citadels,Cyrille Daujean
Citadels,Julien Delval
Citadels,Jesper Ejsing
Citadels,Bruno Faidutti
TZAAR,Kris Burm
TZAAR,lu'cifer
Gùgōng,Andreas Resch
Paperback,Ryan Goldsberry
Conan,Georges Clarenko
Conan,Xavier Collette
Conan,Viktor Dragosani
Conan,Xavier Gueniffey Durin
Western Legends,Roland MacDonald
Tales of the Arabian Nights,Peter Gifford
Tales of the Arabian Nights,Dan Harding
Ingenious,Michaela Kienle
Ingenious,Fabio Maiorana
Ingenious,Scott Nicely
Ingenious,Simone Peruzzi
Ingenious,Nick Whyles
A Game of Thrones (First Edition),Jacques Bredy
A Game of Thrones (First Edition),Thomas Denmark
A Game of Thrones (First Edition),Jason Engle
A Game of Thrones (First Edition),C. Michael Erickson
The Colonists,Klemens Franz
Imhotep,Miguel Coimbra
Imhotep,Michaela Kienle
Magic Maze,Gyom
Evolution,JJ Ariosa
Evolution,Giorgio De Michele
Evolution,Catherine Hamilton
Evolution,Kurt Miller
Evolution,Jacoby O'Connor
Azul: Stained Glass of Sintra,Chris Quilliams
Automobile,Mike Atkinson
Automobile,Czarnè
Automobile,Peter Dennis
Automobile,Klemens Franz
Last Will,Tomáš Kučerovský
RoboRally,Peter Bergting
RoboRally,Bob Carasca
RoboRally,Phil Foglio
RoboRally,Daniel Gelon
Lords of Vegas,Steve Fastner
Lords of Vegas,Rich Larson
Lords of Vegas,Franz Vohwinkel
StarCraft: The Board Game,Kevin Childress
StarCraft: The Board Game,Andrew Navaro
StarCraft: The Board Game,Scott Nicely
StarCraft: The Board Game,Brian Schomburg
Thurn and Taxis,Michael Menzel
Schotten Totten,Dorien Boekhorst
Schotten Totten,Jean-Baptiste Reynaud
Schotten Totten,Bärbel Skarabelo
Chinatown,Mathieu Leyssenne
Chinatown,Franz Vohwinkel
Mystic Vale,Ralf Berszuck
Mystic Vale,Storn Cook
Mystic Vale,Andrew Gaia
Mystic Vale,Katherine Guevara
Nexus Ops,Christopher Burdett
Nexus Ops,Henning Ludvigsen
Nexus Ops,Scott Okumura
Nexus Ops,Anthony Waters
Francis Drake,Franz Vohwinkel
Carson City,Alexandre Roche
Sword & Sorcery,Mario Barbati
Sword & Sorcery,Fabrizio Fiorentino
Sword & Sorcery,Phroilan Gardner
Sword & Sorcery,Fausto Gutierrez
Colosseum,Cyrille Daujean
Colosseum,Jacqui Davis
Colosseum,Julien Delval
Colosseum,Daniel Solis
Thunderstone Advance: Towers of Ruin,Jason Engle
Thunderstone Advance: Towers of Ruin,Erich Schreiner
Thunderstone Advance: Towers of Ruin,Mark Tarrisse
Thunderstone Advance: Towers of Ruin,Shane Tyree
Sushi Go!,Nan Rangsima
Sushi Go!,Tobias Schweiger
Sushi Go!,Phil Walker-Harding
The Republic of Rome,Dave Dobyski
The Republic of Rome,Charles Kibler
The Republic of Rome,Kurt Miller
The Republic of Rome,"George I. Parrish, Jr."
KLASK,Mikkel Bertelsen
DVONN,Kris Burm
DVONN,lu'cifer
Struggle of Empires,Peter Dennis
Zombicide,Miguel Coimbra
Zombicide,Nicolas Fructus
Zombicide,Édouard Guiton
Zombicide,Mathieu Harlaut
Zombicide,Eric Nouhaut
Chicago Express,Michael Menzel
Gears of War: The Board Game,Edge Studio
Gears of War: The Board Game,Christopher Hosch
Gears of War: The Board Game,Adam Taubenheim
Gears of War: The Board Game,Ben Zweifel
AquaSphere,Dennis Lohausen
Nemo's War (second edition),Ian O'Toole
Snowdonia,Tony Boydell
Snowdonia,Klemens Franz
Snowdonia,Charlie Paull
Runebound (Third Edition),WiL Springer
Skull,Rose Kipik
Skull,Thomas Vuarchex
Bohnanza,Fréderic Bertrand
Bohnanza,Marek Bláha
Bohnanza,Andrea Boekhoff
Bohnanza,Klemens Franz
Junk Art,Philippe Guérin
Junk Art,Chris Quilliams
Baseball Highlights: 2045,William Bricker
Monikers,Alex Hague
Quantum,Georges Bouchelaghem
Quantum,Kieran Yanner
Shadows of Brimstone: Swamps of Death,Gaël Goumon
Shadows of Brimstone: Swamps of Death,Jack Scott Hill
Shadows of Brimstone: Swamps of Death,Ralph Horsley
Shadows of Brimstone: Swamps of Death,Tomasz Jedruszek
Queendomino,Cyril Bouquet
Potion Explosion,Giulia Ghigini
Triumph & Tragedy,Charles Kibler
Triumph & Tragedy,Rodger B. MacGowan
Wallenstein (first edition),Jörg Asselborn
Wallenstein (first edition),Christof Tisch
Fire in the Lake,Rodger B. MacGowan
Fire in the Lake,Chechu Nieto
Fire in the Lake,Mark Simonitch
Karuba,Claus Stephan
The Fox in the Forest,Jennifer L. Meyer
The Fox in the Forest,Keith Pishnery
Trains,Ikaan Studio
Trains,Ryo Nyamo
No Thanks!,Oliver Freudenreich
No Thanks!,Dennis Lohausen
No Thanks!,Atelier Löwentor
Belfort,Josh Cappel
Belfort,Jay Cormier
Belfort,Satya Hody
Belfort,Sen-Foong Lim
Belfort,Hans-Georg Schneider
Argent: The Consortium,Jennifer Easley
Argent: The Consortium,Eunice Abigael Tiu
Mare Nostrum: Empires,Jean-Marie Minguez
Camel Up,Dennis Lohausen
Camel Up,Chris Quilliams
Pax Porfiriana,Phil Eklund
Summoner Wars,JJ Ariosa
Summoner Wars,David Richards
Summoner Wars,Gary Simpson
One Night Ultimate Werewolf Daybreak,Gus Batts
Bunny Kingdom,Paul Mafayon
Discworld: Ankh-Morpork,Peter Dennis
Discworld: Ankh-Morpork,Paul Kidby
Discworld: Ankh-Morpork,Ian Mitchell
Discworld: Ankh-Morpork,Bernard Pearson
The Battle of Five Armies,Lucas Graciano
The Battle of Five Armies,Jon Hodgson
The Battle of Five Armies,Fabio Maiorana
The Battle of Five Armies,Francesco Mattioli
The Battle of Five Armies,Ben Wootten
Port Royal,Klemens Franz
Port Royal,Atanas Lozanski
Smash Up: Awesome Level 9000,Conceptopolis
Smash Up: Awesome Level 9000,Dinobot Illustration
Smash Up: Awesome Level 9000,Gong Studios
Downforce,Tavis Coburn
Downforce,Michael Crampton
Downforce,Jason Taylor
Dixit: Journey,Xavier Collette
Thebes,Michael Menzel
Tobago,Victor Boden
Broom Service,Vincent Dutrait
Chess,(Uncredited)
Alhambra,Jörg Asselborn
Alhambra,Jo Hartwig
Alhambra,Christof Tisch
Carcassonne: Hunters and Gatherers,Johann Rüttinger
Gizmos,Hannah Cardoso
Gizmos,Júlia Ferrari
Gizmos,Giovanna BC Guimarães
Gizmos,Mathieu Harlaut
Gizmos,Saeed Jalabi
Defenders of the Realm,Larry Elmore
Up Front,Charles Kibler
Up Front,Rodger B. MacGowan
Coup,Luis Francisco
Coup,Stephanie Gustafsson
Coup,Andrew Higgins
Coup,Alexandr Kiselev
ZhanGuo,Mariano Iannelli
1846: The Race for the Midwest,Chris Lawson
1846: The Race for the Midwest,Rodger B. MacGowan
1846: The Race for the Midwest,Kurt Miller
1846: The Race for the Midwest,Mark Simonitch
1846: The Race for the Midwest,John Tamplin
Time's Up!,John Vetter
Luna,Klemens Franz
Jamaica,Mathieu Leyssenne
Taluva,Manuel Casasola Merkle
Taluva,Xavier Gueniffey Durin
Taluva,Julien Le Faucheur
Taluva,Marcel-André Casasola Merkle
Torres,Alessandra Cimatoribus
Torres,Michael Menzel
Torres,Franz Vohwinkel
Cuba,Michael Menzel
Cuba,Yvon-Cheryl Scholten
Space Empires: 4X,Rodger B. MacGowan
Space Empires: 4X,Mark Simonitch
Through the Desert,John Gravato
Through the Desert,Atha Kanaani
Through the Desert,Scott Nicely
Through the Desert,Brian Schomburg
Through the Desert,Claus Stephan
Shakespeare,Arnaud Demaegd
Shakespeare,Neriac
Fury of Dracula (Second Edition),Ed Bourelle
Fury of Dracula (Second Edition),Anders Finér
Fury of Dracula (Second Edition),Andrew Navaro
Fury of Dracula (Second Edition),Scott Nicely
Lord of the Rings: The Confrontation,John Howe
Specter Ops,Steven Hamilton
Specter Ops,Chad Hoverter
Specter Ops,Emerson Matsuuchi
Specter Ops,David Richards
Cry Havoc,Fyodor Ananiev
Cry Havoc,Mateusz Bielski
Cry Havoc,Grzegorz Bobrowski
Cry Havoc,Thibault Girard
Ashes: Rise of the Phoenixborn,Thander Lin
Ashes: Rise of the Phoenixborn,David Richards
Ashes: Rise of the Phoenixborn,Fernanda Suárez
The Duke,Matt Heerdt
Myrmes,Arnaud Demaegd
Mr. Jack,Pierô
Napoleon's Triumph,Jean-Louis Ernest Meissonier
Advanced Squad Leader: Starter Kit #1,Kurt Miller
Betrayal at House on the Hill,Dennis Crabapple McClain
Betrayal at House on the Hill,Christopher Moeller
Betrayal at House on the Hill,Peter Whitley
Escape: The Curse of the Temple,Oliver Schlemmer
Formula D,Nicolas Caniaux
Formula D,Stéphane Poinsot
Formula D,Arnaud Simon-Laforet
Vegas Showdown,David Hudnut
Vegas Showdown,Scott Okumura
Vegas Showdown,Peter Whitley
Conflict of Heroes: Awakening the Bear! – Russia 1941-42,Steve Paschal
Cryptid,Kwanchai Moriya
Dominion (Second Edition),Matthias Catrein
Dominion (Second Edition),Julien Delval
Dominion (Second Edition),Tomasz Jedruszek
London (Second Edition),Mike Atkinson
London (Second Edition),Natalia Borek
London (Second Edition),Przemysław Sobiecki
Thunderstone Quest,Jason Engle
Thunderstone Quest,Gunship Revolution
Thunderstone Quest,Matt Paquette
Thunderstone Quest,David Su
Blood Bowl (2016 edition),Wayne England
Blood Bowl (2016 edition),David Gallagher
Blood Bowl (2016 edition),Pete Knifton
Blood Bowl (2016 edition),Richard Wright
Steampunk Rally,Lina Cossette
Steampunk Rally,David Forest
Eminent Domain,Gavan Brown
Eminent Domain,Eric J. Carter
Eminent Domain,Christine Conrad
Eminent Domain,Jeremy Deveraturda
1989: Dawn of Freedom,Donal Hegarty
1989: Dawn of Freedom,Rodger B. MacGowan
1989: Dawn of Freedom,Leland Myrick
1989: Dawn of Freedom,Mark Simonitch
Summoner Wars: Alliances Master Set,David Richards
Tokaido,Xavier Gueniffey Durin
Medici,David Cherry
Medici,Vincent Dutrait
Medici,Dominique Ehrhard
Medici,Franz Vohwinkel
Exit: The Game – The Pharaoh's Tomb,Silvia Christoph
Exit: The Game – The Pharaoh's Tomb,Franz Vohwinkel
Cuba Libre,Xavier Carrascosa
Cuba Libre,Rodger B. MacGowan
Cuba Libre,Chechu Nieto
Shipyard,Milan Vavroň
Las Vegas,Harald Lieske
Las Vegas,Markus Schmuck
Las Vegas,Mia Steingräber
The Downfall of Pompeii,Oliver Freudenreich
The Downfall of Pompeii,Guido Hoffmann
Space Hulk,Tony Cottrell
Space Hulk,Wayne England
Space Hulk,David Gallagher
Space Hulk,Jes Goodwin
Washington's War,Charles Kibler
Washington's War,Harald Lieske
Washington's War,Rodger B. MacGowan
Washington's War,Mark Simonitch
Washington's War,John Trumbull
Zombicide Season 2: Prison Outbreak,Nicolas Fructus
Zombicide Season 2: Prison Outbreak,Édouard Guiton
Zombicide Season 2: Prison Outbreak,Mathieu Harlaut
Middle-Earth Quest,Tim Arney-O'Neil
Middle-Earth Quest,Ryan Barger
Middle-Earth Quest,Anna Christenson
Middle-Earth Quest,Trevor Cook
Tajemnicze Domostwo,Mateusz Bielski
Tajemnicze Domostwo,Igor Burlakov
Tajemnicze Domostwo,Mariusz Gandzel
Tajemnicze Domostwo,Oleksandr Nevskiy
Among the Stars,Antonis Papantoniou
Among the Stars,Odysseas Stamoglou
Spyfall,Sergey Dulin
Spyfall,Uildrim
Yspahan,Arnaud Demaegd
Yspahan,Mike Doyle (I)
Kingdom Builder,Oliver Schlemmer
K2,Jarek Nocoń
Love Letter Premium,Kali Fitzgerald
Love Letter Premium,Andrew Hepworth
Love Letter Premium,Jeff Himmelman
Love Letter Premium,Scott Nicely
Elder Sign,Dallas Mehlhoff
Stuffed Fables,Kristen Pauline
Stuffed Fables,Tregis
Newton,Klemens Franz
Tash-Kalar: Arena of Legends,David Cochard
World Without End,Michael Menzel
Empires: Age of Discovery,Cyril Van Der Haegen
Citadels,Andrew Bosley
Citadels,Simon Eckert
Citadels,Tomasz Jedruszek
Citadels,Mateusz Lenart
Citadels,Gracjana Zielińska
Gloomhaven: Forgotten Circles,Alexandr Elichev
Gloomhaven: Forgotten Circles,Josh T. McDowell
Gloomhaven: The End of the World (Promo Scenario),Alexandr Elichev
Gloomhaven: The End of the World (Promo Scenario),Josh T. McDowell
Gloomhaven: The End of the World (Promo Scenario),Alvaro Nebot
Terraforming Mars: Gathering of Friends Promo Card,(Uncredited)
Terraforming Mars: Turmoil,Isaac Fryxelius
Terraforming Mars: Atmo Collectors Promo Card,Isaac Fryxelius
Terraforming Mars: BGG User-Created Corporation Pack,Isaac Fryxelius
Terraforming Mars: Colonies,Isaac Fryxelius
Terraforming Mars: Jovian Lanterns Promo Card,Isaac Fryxelius
Terraforming Mars: Jovian Lanterns Promo Card,Daniel Fryxelius
Terraforming Mars: Lunar Exports Promo Card,Isaac Fryxelius
Terraforming Mars: Prelude,Isaac Fryxelius
Terraforming Mars: Hellas & Elysium,Isaac Fryxelius
Terraforming Mars: Hellas & Elysium,Jacob Fryxelius
Terraforming Mars: Penguins Promo Card,Isaac Fryxelius
Twilight Struggle: Turn Zero,Chechu Nieto
"Twilight Struggle: ""Pakt Bagdadzki"" and ""Stan Wojenny"" Promo Cards",(Uncredited)
"Twilight Struggle: ""Anni di Piombo"" Promo Card",(Uncredited)
Star Wars: Rebellion – Rise of the Empire,Justin Adams
Star Wars: Rebellion – Rise of the Empire,Borja Pindado Arribas
Star Wars: Rebellion – Rise of the Empire,Tiziano Baracchi
Star Wars: Rebellion – Rise of the Empire,Ryan Barger
Scythe: Modular Board,Jakub Rozalski
Scythe: Bonus Promo Pack – 6 Promo Encounter Cards numbers 37-42,Jakub Rozalski
Scythe: Encounters,Jakub Rozalski
Scythe: The Rise of Fenris,Jakub Rozalski
Scythe: Promo Pack #11 – Encounter Card 39,Jakub Rozalski
Scythe: Promo Pack #12 – Encounter Card 40,Jakub Rozalski
Scythe: Promo Pack #13 – Encounter Card 41,Jakub Rozalski
Scythe: Promo Pack #14 – Encounter Card 42,Jakub Rozalski
Scythe: The Wind Gambit,Jakub Rozalski
Scythe: The Wind Gambit,Jamey Stegmaier
Scythe: Invaders from Afar,Jakub Rozalski
Scythe: Invaders from Afar,Jamey Stegmaier
Brettspiel Adventskalender 2018,Doris Matthäus
Great Western Trail: At the Poker Table,Andreas Resch
Great Western Trail: Rails to the North,Andreas Resch
Great Western Trail: Promo Station Master Tiles,Andreas Resch
Great Western Trail: The Eleventh Building Tile,Andreas Resch
Terra Mystica: Merchants of the Seas,Dennis Lohausen
Terra Mystica: Erweiterungsbogen,Dennis Lohausen
Terra Mystica: Fire & Ice,Dennis Lohausen
Terra Mystica: 4 Town Tiles,Dennis Lohausen
Terra Mystica: Bonus Card Shipping Value,(Uncredited)
Terra Mystica: Bonus Card Shipping Value,Dennis Lohausen
War of the Ring: Warriors of Middle-earth,John Howe
War of the Ring: Warriors of Middle-earth – Tidings Not Burdens Mini-Expansion,Fabio Maiorana
War of the Ring: Lords of Middle-earth,Jon Hodgson
War of the Ring: Lords of Middle-earth,John Howe
War of the Ring: Lords of Middle-earth,Fabio Maiorana
War of the Ring: Lords of Middle-earth – Treebeard Mini-Expansion,Fabio Maiorana
War of the Ring: Scenario – The Breaking of the Fellowship,John Howe
War of the Ring: Scenario – The Breaking of the Fellowship,Fabio Maiorana
Brettspiel Adventskalender 2018,Doris Matthäus
The Castles of Burgundy: 10th Expansion – Solo,Julien Delval
The Castles of Burgundy: 10th Expansion – Solo,Harald Lieske
Brettspiel Adventskalender 2017,Dennis Lohausen
The Castles of Burgundy: 7th Expansion – German Board Game Championship Board 2016,Harald Lieske
Brettspiel Adventskalender 2015,Klemens Franz
The Castles of Burgundy: 5th Expansion – Pleasure Garden,Julien Delval
The Castles of Burgundy: 5th Expansion – Pleasure Garden,Harald Lieske
Spirit Island: Unter der Insel schlummernde Schlange Promo,Jorge Ramos
Spirit Island: Branch & Claw,Jason Behnke
Spirit Island: Branch & Claw,Kat G Bermelin
Spirit Island: Branch & Claw,Loïc Billiau
Spirit Island: Branch & Claw,Cari Corene
Spirit Island: Promo Pack 1,Nolan Nasser
Spirit Island: Promo Pack 1,Jorge Ramos
7 Wonders Duel: Pantheon,Antoine Bauza
7 Wonders Duel: Pantheon,Bruno Cathala
7 Wonders Duel: Pantheon,Miguel Coimbra
7 Wonders Duel: Pantheon,Antonio Dessi
7 Wonders Duel: Statue of Liberty,Miguel Coimbra
7 Wonders Duel: The Messe Essen Promo Card,Miguel Coimbra
The 7th Continent: Comfort Creatures,Ludovic Roudy
The 7th Continent: The Flying Roots,Ludovic Roudy
"The 7th Continent: What Goes Up, Must Come Down",Ludovic Roudy
The 7th Continent: BGG Promo Cards,Ludovic Roudy
The 7th Continent: Facing the Elements,Ludovic Roudy
The 7th Continent: Fear the Devourers,Ludovic Roudy
The 7th Continent: Path of Repentance,Ludovic Roudy
The 7th Continent: Swamp of Madness,Ludovic Roudy
The 7th Continent: The Forbidden Sanctuary,Ludovic Roudy
The 7th Continent: The Icy Maze,Ludovic Roudy
Concordia: Venus (expansion),Marina Fahrenbach
Concordia: Venus (expansion),Dominik Mayer
Concordia: Aegyptus / Creta,Marina Fahrenbach
Concordia: Salsa,Marina Fahrenbach
Concordia: Britannia / Germania,Marina Fahrenbach
Viticulture: Visit from the Rhine Valley,Beth Sobel
Tuscany Essential Edition,Beth Sobel
Viticulture: Moor Visitors Expansion,Uwe Rosenberg
Viticulture: Moor Visitors Expansion,Beth Sobel
Viticulture: Arboriculture Expansion,David Montgomery
Viticulture: Arboriculture Expansion,Beth Sobel
Viticulture: Kickstarter Promotional Cards,David Montgomery
Puerto Rico: Expansions 1&2 – The New Buildings & The Nobles,Franz Vohwinkel
Puerto Rico: Expansion I – New Buildings,Franz Vohwinkel
Brass: 2-player board,Peter Dennis
Brass: 2-player board,Michael Schacht
Caverna: The Forgotten Folk,Javier González Cava
Caverna: The Forgotten Folk,Klemens Franz
Caverna: The Forgotten Folk,Uwe Rosenberg
Caverna: The Forgotten Folk,Alex Wilber
Caverna: The Forgotten Folk – Adventurers Promo,Javier González Cava
Caverna: The Forgotten Folk – Adventurers Promo,Klemens Franz
Caverna: The Forgotten Folk – Halflings promo,Javier González Cava
Caverna: The Forgotten Folk – Halflings promo,Klemens Franz
Caverna: Water Expansion,Klemens Franz
Caverna: Christmas Chamber,Klemens Franz
Caverna: LARP and Cosplay Postcard,Klemens Franz
Caverna: Mini Expansion,Klemens Franz
Mage Knight Board Game: The Lost Legion Expansion,J. Lonnee
Mage Knight Board Game: The Lost Legion Expansion,Milan Vavroň
Agricola: Changelings,Javier González Cava
Agricola: France Deck,Klemens Franz
Agricola: Bielefeld Deck,Klemens Franz
Agricola: Belgium Deck,Klemens Franz
Agricola: Brakelhühner Promo Card,Klemens Franz
Agricola: De Lage Landen,Klemens Franz
Agricola: Pi-Deck,Klemens Franz
Agricola Ereigniskarten,Klemens Franz
Agricola: NL-Deck,Pieter de Hooch
Agricola: NL-Deck,Klemens Franz
Agricola: NL-Deck,Hieronymous
Agricola: NL-Deck,Vincent van Gogh
Orléans: 5th Player Box,Klemens Franz
Orléans: L'évêché de Tours,Klemens Franz
Orléans: Drawbridge,Klemens Franz
Orléans: Neue Ortskarten N°5,Klemens Franz
Orléans: Promo Ortskarten N°1,Klemens Franz
Orléans: Neue Ortskarten N°4,Klemens Franz
Orléans: Trade & Intrigue,Klemens Franz
Mansions of Madness: Second Edition – Beyond the Threshold: Expansion,Cristi Balanescu
Mansions of Madness: Second Edition – Beyond the Threshold: Expansion,Magali Villeneuve
A Feast for Odin: The Norwegians,Dennis Lohausen
"A Feast for Odin: Lofoten, Orkney, and Tierra del Fuego",Dennis Lohausen
A Feast for Odin: New Special Tiles,Dennis Lohausen
Food Chain Magnate: The Ketchup Mechanism & Other Ideas,Iris de Haan
Food Chain Magnate: The Ketchup Mechanism & Other Ideas,Ynze Moedt
Blood Rage: 5th Player Expansion,Adrian Smith
Blood Rage: Gods of Ásgard,Mike McVey
Blood Rage: Gods of Ásgard,Adrian Smith
Blood Rage: Kickstarter Exclusives,Mike McVey
Blood Rage: Mystics of Midgard,Adrian Smith
Kingdom Death: Monster – Abyssal Woods Expansion,Lokman Lam
Kingdom Death: Monster – Abyssal Woods Expansion,Lorinda Tomko
Kingdom Death: Monster – Black Knight Expansion,Lokman Lam
Kingdom Death: Monster – Black Knight Expansion,Lorinda Tomko
Kingdom Death: Monster – Campaigns of Death Expansion,Lokman Lam
Kingdom Death: Monster – Campaigns of Death Expansion,Lorinda Tomko
Kingdom Death: Monster – Corsair Coat,Lokman Lam
Kingdom Death: Monster – Death Armor Expansion,Lokman Lam
Kingdom Death: Monster – Death Armor Expansion,Lorinda Tomko
Kingdom Death: Monster – False Messengers Promo,Lokman Lam
Kingdom Death: Monster – False Messengers Promo,Lorinda Tomko
Kingdom Death: Monster – First Hero Expansion,Lokman Lam
Kingdom Death: Monster – First Hero Expansion,Lorinda Tomko
Kingdom Death: Monster – Frogdog Expansion,Lokman Lam
Kingdom Death: Monster – Frogdog Expansion,Lorinda Tomko
Power Grid: Fabled Expansion,Harald Lieske
Brettspiel Adventskalender 2015,Klemens Franz
Power Grid: High-Voltage DC Transmission Passage C,"Lars-Arne ""Maura"" Kalusky"
Power Grid: The Stock Companies,Antonio Dessi
Power Grid: The Stock Companies,"Lars-Arne ""Maura"" Kalusky"
Power Grid: The Stock Companies,Harald Lieske
Power Grid: Australia & Indian Subcontinent,"Lars-Arne ""Maura"" Kalusky"
Power Grid: Taxes,"Lars-Arne ""Maura"" Kalusky"
Power Grid: Northern Europe/United Kingdom & Ireland,"Lars-Arne ""Maura"" Kalusky"
Power Grid: Oracle & Industrial Espionage,"Lars-Arne ""Maura"" Kalusky"
Power Grid: Québec/Baden-Württemberg,"Lars-Arne ""Maura"" Kalusky"
Funkenschlag: Speicherkraftwerk,Christof Tisch
Star Wars: Imperial Assault – Tyrants of Lothal,Grzegorz Bobrowski
Star Wars: Imperial Assault – Tyrants of Lothal,Alberto Bontempi
Star Wars: Imperial Assault – Tyrants of Lothal,Marius Bota
Star Wars: Imperial Assault – Tyrants of Lothal,Aurore Folny
Star Wars: Imperial Assault – BT-1 and 0-0-0 Villain Pack,Gabriela Birchal
Star Wars: Imperial Assault – BT-1 and 0-0-0 Villain Pack,J. B. Casacop
Star Wars: Imperial Assault – BT-1 and 0-0-0 Villain Pack,Jeff Lee Johnson
Star Wars: Imperial Assault – BT-1 and 0-0-0 Villain Pack,Jason Juta
Star Wars: Imperial Assault – BT-1 and 0-0-0 Villain Pack,Michael Silsby
Tzolk'in: The Mayan Calendar – Mini Expansion 2,Milan Vavroň
Tzolk'in: The Mayan Calendar – Tribes & Prophecies,Milan Vavroň
Tzolk'in: The Mayan Calendar – Mini Expansion 1,Milan Vavroň
Azul: Special Factories Promo,Philippe Guérin
Azul: Special Factories Promo,Chris Quilliams
Azul: Joker Tiles,Philippe Guérin
Azul: Joker Tiles,Chris Quilliams
Eclipse:  Anticipation of the Elders,Sampo Sikiö
Eclipse: Gift of the Elders,Sampo Sikiö
Eclipse: Shadow of the Rift,Ossi Hiekkala
Eclipse: Shadow of the Rift,Jukka Rajaniemi
Eclipse: Shadow of the Rift,Sampo Sikiö
Eclipse: Nebula,Sampo Sikiö
Eclipse: The Galactic North,Sampo Sikiö
Eclipse: Minions of the Solstice,Sampo Sikiö
Eclipse: Ship Pack One,Ossi Hiekkala
Eclipse: Ship Pack One,Jukka Rajaniemi
Eclipse: Ship Pack One,Sampo Sikiö
Eclipse: Pulsar,Sampo Sikiö
Eclipse: Rise of the Ancients,Ossi Hiekkala
Eclipse: Rise of the Ancients,Jukka Rajaniemi
Eclipse: Rise of the Ancients,Sampo Sikiö
Le Havre: Le Grand Hameau – Tablet with App,Klemens Franz
Le Havre: Le Grand Hameau,Klemens Franz
Le Havre: Le Grand Hameau – Rattletrap car,Klemens Franz
Le Havre: Le Grand Hameau – Wholesale Bakery,Klemens Franz
Le Havre: Spielemesse Sonderkarte,Klemens Franz
Le Havre Expansion: Essen Promo Cards,Klemens Franz
The Voyages of Marco Polo: The Secret Paths of Marco Polo,Dennis Lohausen
The Voyages of Marco Polo: Agents of Venice,Dennis Lohausen
The Voyages of Marco Polo: The New Characters,Dennis Lohausen
Android: Netrunner – Down the White Nile,Alexandr Elichev
Android: Netrunner – Blood and Water,Aurore Folny
Android: Netrunner – Blood and Water,Andreas Zafiratos
Android: Netrunner – Blood and Water,Matt Zeilinger
Android: Netrunner – Crimson Dust,Ed Mattinian
Android: Netrunner – Crimson Dust,Mark Molnar
7 Wonders: Armada,Dimitri Chappuis
7 Wonders: Armada,Etienne Hebinger
7 Wonders: Armada,Cyril Nouvel
7 Wonders: Babel,Miguel Coimbra
7 Wonders: Wonder Pack,Miguel Coimbra
Empires (fan expansion for 7 Wonders),Scot Eaton
7 Wonders: Cities,Miguel Coimbra
Brettspiel Adventskalender 2018,Doris Matthäus
Keyflower: Boat 7,Juliet Breese
Keyflower: Delivery Man,Juliet Breese
Keyflower: Delivery Man,Jo Breese
Keyflower: Delivery Man,Gemma Tegelaers
Keyflower: Developer,Juliet Breese
Keyflower: Sorcerer,Juliet Breese
Keyflower: Keymelequin,Juliet Breese
Keyflower: Pig Shelter,Juliet Breese
Keyflower: Beekeeper,Juliet Breese
Keyflower: The Merchants,Juliet Breese
Keyflower: The Merchants,Jo Breese
Keyflower: The Merchants,Konstantin Vohwinkel
Keyflower: Trader,Juliet Breese
Anachrony: Fractures of Time,Villő Farkas
Anachrony: The Sentry Post,Villő Farkas
Anachrony: Exosuit Commander Pack,Villő Farkas
Race for the Galaxy: Retrofit Cards,Martin Hoffmann
Race for the Galaxy: Retrofit Cards,Claus Stephan
Race for the Galaxy: New Worlds Promo,Martin Hoffmann
Race for the Galaxy: New Worlds Promo,Claus Stephan
Race for the Galaxy: Xeno Invasion,Martin Hoffmann
Race for the Galaxy: Xeno Invasion,Claus Stephan
Race for the Galaxy: Xeno Invasion,Mirko Suzuki
Race for the Galaxy: Alien Artifacts,Martin Hoffmann
Race for the Galaxy: Alien Artifacts,Claus Stephan
Race for the Galaxy: The Brink of War,Martin Hoffmann
Race for the Galaxy: The Brink of War,Claus Stephan
Race for the Galaxy: Rebel vs Imperium,Martin Hoffmann
Race for the Galaxy: Rebel vs Imperium,Claus Stephan
Race for the Galaxy: The Gathering Storm,Martin Hoffmann
Race for the Galaxy: The Gathering Storm,Claus Stephan
Root: The Exiles and Partisans Deck,Kyle Ferrin
Root: The Underworld Expansion,Kyle Ferrin
Root: The Riverfolk Expansion,Kyle Ferrin
Fields of Arle: New Travel Destination – Aachen,Dennis Lohausen
Fields of Arle: New Travel Destination – Bad Wörishofen,Dennis Lohausen
Fields of Arle: New Travel Destination – Baden,Dennis Lohausen
Fields of Arle: New Travel Destination – Baltrum,Dennis Lohausen
Fields of Arle: New Travel Destination – Kaiserslautern,Dennis Lohausen
Fields of Arle: New Travel Destination – Würzburg,Dennis Lohausen
Fields of Arle: New Travel Destination – Zürich,Dennis Lohausen
Lords of Waterdeep: Scoundrels of Skullport,Scott Altmann
Lords of Waterdeep: Scoundrels of Skullport,Alex Aparin
Lords of Waterdeep: Scoundrels of Skullport,Ralph Beisner
Lords of Waterdeep: Scoundrels of Skullport,Zoltan Boros
Rising Sun: Daimyo Box,Adrian Smith
Rising Sun: Dynasty Invasion,Adrian Smith
Rising Sun: Kami Unbound,Adrian Smith
Rising Sun: Monster Pack,Adrian Smith
Twilight Imperium (Third Edition): Shards of the Throne,Tom Garden
Twilight Imperium (Third Edition): Shards of the Throne,Mark Molnar
Twilight Imperium (Third Edition): Shards of the Throne,Scott Schomburg
Twilight Imperium (Third Edition): Shattered Empire,James Brady
Twilight Imperium (Third Edition): Shattered Empire,Scott Schomburg
Twilight Imperium (Third Edition): Shattered Empire,Brian Schomburg
Five Tribes: Whims of the Sultan,Cyrille Daujean
Five Tribes: Whims of the Sultan,Clément Masson
Five Tribes: The Thieves of Naqala,Clément Masson
Five Tribes: The Artisans of Naqala,Cyrille Daujean
Five Tribes: The Artisans of Naqala,Clément Masson
Five Tribes: Wilwit,Clément Masson
Five Tribes: Dhenim,Clément Masson
Eldritch Horror: Masks of Nyarlathotep,Jacob Murray
Eldritch Horror: Cities in Ruin,Cristi Balanescu
Eldritch Horror: The Dreamlands,Jake Murray
Eldritch Horror: Signs of Carcosa,Cristi Balanescu
Eldritch Horror: Strange Remnants,Clark Huggins
Eldritch Horror: Strange Remnants,Stephen Somers
Eldritch Horror: Strange Remnants,Matthew Starbuck
Eldritch Horror: Under the Pyramids,Jake Murray
Eldritch Horror: Forsaken Lore,Anders Finér
Eldritch Horror: Forsaken Lore,Magali Villeneuve
Eldritch Horror: Mountains of Madness,Jake Murray
The El Grande Expansions,Doris Matthäus
El Grande: Grandissimo,Doris Matthäus
El Grande: König & Intrigant – Player's Edition,Doris Matthäus
El Grande: Grossinquisitor und Kolonien,Doris Matthäus
El Grande: König & Intrigant,Doris Matthäus
El Grande: König & Intrigant – Unverkäufliche Sonderkarten,Doris Matthäus
Brettspiel Adventskalender 2018,Doris Matthäus
Codenames: Bonuskaarten 2018,Stéphane Ganthiez
Codenames: Bonuskaarten 2018,Tomáš Kučerovský
Clank! Expeditions: Gold and Silk,Raul Ramos
Clank! Expeditions: Gold and Silk,Jon Schindehette
Clank! Expeditions: Gold and Silk,Nate Storm
Clank!: The Mummy's Curse,Rayph Beisner
Clank!: The Mummy's Curse,Derek Herring
Clank!: The Mummy's Curse,Levi Parker
Clank!: The Mummy's Curse,Raul Ramos
Clank!: The Mummy's Curse,Nate Storm
Brettspiel Adventskalender 2017,Dennis Lohausen
Clank!: Brawn vs. Boots,Rayph Beisner
Clank!: Brawn vs. Boots,Raul Ramos
Clank!: Brawn vs. Boots,Nate Storm
Clank!: Enchanted Dice,Rayph Beisner
Clank!: Enchanted Dice,Raul Ramos
Clank!: Enchanted Dice,Nate Storm
Clank!: Friendly Watcher,Rayph Beisner
Clank!: Friendly Watcher,Raul Ramos
Clank!: Friendly Watcher,Nate Storm
Clank!: Magic Spectacles,Rayph Beisner
Clank!: Magic Spectacles,Raul Ramos
Clank!: Magic Spectacles,Nate Storm
Dominion: Dismantle Promo Card,Elisa Cella
Dominion: Nocturne,Garret DeChellis
Dominion: Empires,Brian Brinlee
Dominion: Empires,Matthias Catrein
Dominion: Empires,Elisa Cella
Dominion: Empires,Donald Crank
Dominion: Höflinge Promo Card,Claus Stephan
Dominion: Sauna / Avanto Promo Card,Ossi Hiekkala
Dominion: Adventures,Brian Brinlee
Dominion: Adventures,Eric J. Carter
Dominion: Adventures,Matthias Catrein
Dominion: Adventures,Jessica Cox
The Gallerist: Scoring Expansion,Ian O'Toole
The Gallerist: KS Stretch Goal Pack #2,Ian O'Toole
Patchwork: Automa,Klemens Franz
Mombasa: Cooked Books Mini Expansion,Klemens Franz
Mombasa: E1/E2 Company Track,Klemens Franz
Battlestar Galactica: The Board Game – Daybreak Expansion,Taylor Ingvarsson
Battlestar Galactica: The Board Game – Daybreak Expansion,Henning Ludvigsen
Battlestar Galactica: The Board Game – Pegasus Expansion,Andrew Navaro
Battlestar Galactica: The Board Game – Pegasus Expansion,Zoe Robinson
Battlestar Galactica: The Board Game – Pegasus Expansion,Brian Schomburg
Roll for the Galaxy: Rivalry,Martin Hoffmann
Roll for the Galaxy: Rivalry,Claus Stephan
Roll for the Galaxy: Rivalry,Mirko Suzuki
Roll for the Galaxy: Terraforming Colony/Diversified Economy Promo Tile,Martin Hoffmann
Roll for the Galaxy: Terraforming Colony/Diversified Economy Promo Tile,Claus Stephan
Roll for the Galaxy: Terraforming Colony/Diversified Economy Promo Tile,Mirko Suzuki
Roll for the Galaxy: Ambition,Martin Hoffmann
Roll for the Galaxy: Ambition,Claus Stephan
Roll for the Galaxy: Ambition,Mirko Suzuki
Sherlock Holmes Détective Conseil: L'Homme Sans Visage,Arnaud Demaegd
Sherlock Holmes Détective Conseil: Les Masques Africains,Arnaud Demaegd
Sherlock Holmes Détective Conseil: Les Masques Africains,Neriac
Sherlock Holmes Détective Conseil: La Piste Tordue,Arnaud Demaegd
Sherlock Holmes Détective Conseil: La Piste Tordue,Neriac
Sherlock Holmes Détective Conseil: La rançon du diable,Arnaud Demaegd
Sherlock Holmes Détective Conseil: La rançon du diable,Neriac
Troyes: The Ladies of Troyes,Alexandre Roche
Troyes: Bonus Cards,Alexandre Roche
Antic (fan expansion for T.I.M.E Stories),Vahnin Konstantin
T.I.M.E Stories: Madame,John Mac Cambridge
T.I.M.E Stories: Madame,Pascal Quidault
City of Souls (fan expansion for T.I.M.E Stories),Stephanie Pearce
Dilemma (fan expansion for T.I.M.E Stories),Mark Stockton-Pitt
Geologists (fan expansion for T.I.M.E Stories),Vahnin Konstantin
Russian Railroads: Juri Dreigleisky,Martin Hoffmann
Russian Railroads: Juri Dreigleisky,Claus Stephan
Russian Railroads: American Railroads,Claus Stephan
Russian Railroads: German Railroads,Martin Hoffmann
Russian Railroads: German Railroads,Claus Stephan
Russian Railroads: Mini-Expansion,(Uncredited)
Star Wars: X-Wing Miniatures Game – Phantom II Expansion Pack,Grzegorz Bobrowski
Pandemic: Gen Con 2016 Promos – Z-Force Team Member/Game Convention,Chris Quilliams
Pandemic: State of Emergency,Chris Quilliams
Pandemic: In the Lab,Chris Quilliams
Pandemic: On the Brink,Josh Cappel
Pandemic: On the Brink,Régis Moulun
Pandemic: On the Brink,Chris Quilliams
Pandemic: On the Brink,Hans-Georg Schneider
Pandemic: On the Brink,Tom Thiel
Dominion: Dismantle Promo Card,Elisa Cella
Dominion: Nocturne,Garret DeChellis
Animals expansion (mini fan expansion for Dominion),Hartmut Thordsen
Dominion: Empires,Brian Brinlee
Dominion: Empires,Matthias Catrein
Dominion: Empires,Elisa Cella
Dominion: Empires,Donald Crank
Dominion: Höflinge Promo Card,Claus Stephan
Dominion: Intrigue (Second Edition),Matthias Catrein
Dominion: Intrigue (Second Edition),Martin Hoffmann
Dominion: Intrigue (Second Edition),Alexander Jung
Dominion: Intrigue (Second Edition),"Lars-Arne ""Maura"" Kalusky"
Dead of Winter: A Crossroads Game – BGG Crossroads Promo,David Richards
Dead of Winter: A Crossroads Game – BGG Crossroads Promo,Fernanda Suárez
Dead of Winter: A Crossroads Game – BGG Crossroads Promo,Peter Wocken
Dead of Winter: KD James,Fernanda Suárez
Dead of Winter: Meryl Wolfe,Fernanda Suárez
Dead of Winter: Ruckus Burley,Fernanda Suárez
Dead of Winter: Warring Colonies,David Richards
Dead of Winter: Warring Colonies,Fernanda Suárez
Dead of Winter: Warring Colonies,Peter Wocken
Dead of Winter: Rich Sommer,Fernanda Suárez
Dead of Winter: Rodney Smith,Fernanda Suárez
Dead of Winter: Andrea Smith,David Richards
Dead of Winter: Andrea Smith,Fernanda Suárez
Dead of Winter: Andrea Smith,Peter Wocken
Kemet: Seth,Dimitri Bielak
Kemet: Seth,Emile Denis
Kemet: Seth,Nicolas Fructus
Kemet: Seth,Sabrina Tobal
Kemet: New Power Tiles,Dimitri Bielak
Kemet: New Power Tiles,Emile Denis
Kemet: New Power Tiles,Nicolas Fructus
Kemet: Skills and Black Power Tile For Ta-Seti,Dimitri Bielak
Kemet: Skills and Black Power Tile For Ta-Seti,Emile Denis
Kemet: Skills and Black Power Tile For Ta-Seti,Nicolas Fructus
Kemet: Ta-Seti,Dimitri Bielak
Kemet: Ta-Seti,Emile Denis
Kemet: Ta-Seti,Nicolas Fructus
C3K: Creatures Crossover Cyclades/Kemet,Dimitri Bielak
C3K: Creatures Crossover Cyclades/Kemet,Miguel Coimbra
C3K: Creatures Crossover Cyclades/Kemet,Emile Denis
C3K: Creatures Crossover Cyclades/Kemet,Nicolas Fructus
Agricola: Corbarius Deck,Klemens Franz
Agricola: Bubulcus Deck,Klemens Franz
Agricola: Changelings,Javier González Cava
Agricola: Farmers of the Moor,Klemens Franz
Agricola Game Expansion: Blue,Klemens Franz
Agricola Game Expansion: Green,Klemens Franz
Agricola Game Expansion: Purple,Klemens Franz
Agricola Game Expansion: Red,Klemens Franz
Agricola Game Expansion: White,Klemens Franz
Agricola Game Expansion: Yellow,Klemens Franz
Descent: Journeys in the Dark (Second Edition) – Lost Legends Expansion Pack,Andrew Bosley
Descent: Journeys in the Dark (Second Edition) – Lost Legends Expansion Pack,Stephen Somers
Descent: Journeys in the Dark (Second Edition) – The Chains That Rust,Andrew Bosley
Descent: Journeys in the Dark (Second Edition) – The Chains That Rust,Stephen Somers
Descent: Journeys in the Dark (Second Edition) – Heirs of Blood,Yoann Boissonnet
Descent: Journeys in the Dark (Second Edition) – Heirs of Blood,Andrew Bosley
Descent: Journeys in the Dark (Second Edition) – Heirs of Blood,Andrew Christensen
Descent: Journeys in the Dark (Second Edition) – Heirs of Blood,Sylvain Decaux
Garphill Games 5-Year Anniversary Promo Pack,Mihajlo Dimitrievski
Raiders of the North Sea: Garphill Games 5-Year Anniversary Promos,Mihajlo Dimitrievski
Raiders of the North Sea: Ceedee Promo Card,Mihajlo Dimitrievski
Raiders of the North Sea: Fields of Fame,Mihajlo Dimitrievski
Raiders of the North Sea: Hall of Heroes,Mihajlo Dimitrievski
Raiders of the North Sea: Jarl Promo,Mihajlo Dimitrievski
Raiders of the North Sea: Outsiders,Mihajlo Dimitrievski
Raiders of the North Sea: Solo Variant,Mihajlo Dimitrievski
Raiders of the North Sea: The Meeple Men Promo Card,Mihajlo Dimitrievski
Raiders of the North Sea: The Mico Promo,Mihajlo Dimitrievski
Stone Age: Casino,Michael Menzel
Stone Age: The Expansion,Michael Menzel
Stone Age: The New Huts,Michael Menzel
Alchemists: The King's Golem,David Cochard
Alchemists: The King's Golem,Jakub Politzer
Alchemists: Publisher,David Cochard
Alchemists: Ring of Favor,David Cochard
Yokohama: Achievements & Free Agents Promo,Adam P. McIver
Aeon's End: Echo Stone and Splinter Missile Promo,Gong Studios
Aeon's End: Thieving Spirit,Gong Studios
Aeon's End: Tabletop Day 2017 Promos – Drown in Flames / Glyph Enigma,Gong Studios
Aeon's End: Tabletop Day 2017 Promos – Drown in Flames / Glyph Enigma,Scott Hartman
Aeon's End: The Void,Gong Studios
Aeon's End: The Void,Stephanie Gustafsson
Aeon's End: The Void,Scott Hartman
Aeon's End: The Void,Daniel Solis
Star Realms: Command Deck – Lost Fleet,Randy Delven
Star Realms: Command Deck – Lost Fleet,Vito Gesualdi
Star Realms: Command Deck – Lost Fleet,Adam Lachmanski
Star Realms: Command Deck – The Alignment,Randy Delven
Star Realms: Command Deck – The Alignment,Vito Gesualdi
Star Realms: Command Deck – The Alignment,Adam Lachmanski
Star Realms: Command Deck – The Alliance,Randy Delven
Star Realms: Command Deck – The Alliance,Vito Gesualdi
Star Realms: Command Deck – The Alliance,Adam Lachmanski
Star Realms: Command Deck – The Coalition,Randy Delven
Star Realms: Command Deck – The Coalition,Vito Gesualdi
Star Realms: Command Deck – The Coalition,Adam Lachmanski
Star Realms: Command Deck – The Pact,Randy Delven
Star Realms: Command Deck – The Pact,Vito Gesualdi
Star Realms: Command Deck – The Pact,Adam Lachmanski
Star Realms: Command Deck – The Union,Randy Delven
Star Realms: Command Deck – The Union,Vito Gesualdi
Star Realms: Command Deck – The Union,Adam Lachmanski
Star Realms: Command Deck – The Unity,Randy Delven
Star Realms: Command Deck – The Unity,Vito Gesualdi
Star Realms: Command Deck – The Unity,Adam Lachmanski
War of the Ring: Scenario – The Breaking of the Fellowship,John Howe
War of the Ring: Scenario – The Breaking of the Fellowship,Fabio Maiorana
War of the Ring: Battles of the Third Age,John Howe
War of the Ring: Battles of the Third Age,Matteo Macchi
War of the Ring: Battles of the Third Age,Fabio Maiorana
War of the Ring: Battles of the Third Age,Bob Naismith
Champions of Midgard: Asian Monsters,Víctor Pérez Corbella
Champions of Midgard: Bjorn Hammerblow the Fantastic promo,Víctor Pérez Corbella
Champions of Midgard: Meeple Monster Promo Card,Víctor Pérez Corbella
Champions of Midgard: Draudan and Bergrisar King Promo Cards,Víctor Pérez Corbella
Champions of Midgard: Jarl Edition,Víctor Pérez Corbella
Champions of Midgard: Jarl Edition,Andre Garcia
Champions of Midgard: The Dark Mountains,Víctor Pérez Corbella
Champions of Midgard: The Dark Mountains,Andre Garcia
Castles of Mad King Ludwig: Secrets,Keith Curtis
Castles of Mad King Ludwig: Secrets,Ollin Timm
Zamki szalonego króla Ludwika: Polskie zamki,Agnieszka Dabrowiecka
Brettspiel Adventskalender 2016,Klemens Franz
Brettspiel Adventskalender 2016,Harald Lieske
Istanbul: Letters & Seals,Andreas Resch
Istanbul: Pegasus Depot Mini Expansion,Andreas Resch
Istanbul: Mocha & Baksheesh,Andreas Resch
Istanbul: Mocha & Baksheesh,Hans-Georg Schneider
Istanbul: Kebab Shop Mini Expansion,Andreas Resch
A Game of Thrones: The Board Game (Second Edition) – A Feast for Crows,Dallas Mehlhoff
A Game of Thrones: The Board Game (Second Edition) – A Dance with Dragons,Tomasz Jedruszek
A Game of Thrones: The Board Game (Second Edition) – A Dance with Dragons,Henning Ludvigsen
Architects of the West Kingdom: Garphill Games 5-Year Anniversary Promos,Mihajlo Dimitrievski
Architects of the West Kingdom: Paladins Apprentices,Mihajlo Dimitrievski
Garphill Games 5-Year Anniversary Promo Pack,Mihajlo Dimitrievski
Architects of the West Kingdom: Extra Apprentices,Mihajlo Dimitrievski
Architects of the West Kingdom: Extra Buildings,Mihajlo Dimitrievski
Architects of the West Kingdom: Extra Player Boards,Mihajlo Dimitrievski
Santorini: Asteria,Lina Cossette
Santorini: Asteria,David Forest
Santorini: Hippolyta,Lina Cossette
Santorini: Hippolyta,David Forest
Santorini: Hydra,Lina Cossette
Santorini: Hydra,David Forest
Santorini: Iris,Lina Cossette
Santorini: Iris,David Forest
Santorini: Nyx,Lina Cossette
Santorini: Nyx,David Forest
Santorini: Pegasus,Lina Cossette
Santorini: Pegasus,David Forest
Santorini: Promo Pack,Lina Cossette
Santorini: Promo Pack,David Forest
Santorini: Castor & Pollux,Lina Cossette
Santorini: Castor & Pollux,David Forest
Santorini: Eris,Lina Cossette
Santorini: Eris,David Forest
Santorini: Golden Fleece,Lina Cossette
Santorini: Golden Fleece,David Forest
Teotihuacan: City of Gods – Man vs Meeple Promo,Odysseas Stamoglou
"Teotihuacan: City of Gods – Pyramid Tile Promo, Red Temple",Odysseas Stamoglou
Teotihuacan: Late Preclassic Period,Magdalena Klepacz
Teotihuacan: Late Preclassic Period,Paulina Wach
Brettspiel Adventskalender 2018,Doris Matthäus
Teotihuacan: City of Gods – Brettspiel Adventskalender 2018 Promo,Odysseas Stamoglou
Teotihuacan: City of Gods – Dice Settlers Promo,Odysseas Stamoglou
